1,HeadAndNeckSurgery,"Consectetur ut optio quis eveniet. Accusantium soluta sunt molestiae tenetur. Iste aspernatur vel est velit ullam. Rerum tempore ea quo voluptatem. Distinctio dolore qui amet perferendis quia. Ut inventore ea fugit molestias magnam ea. Fugiat nihil aperiam qui itaque. Dolor rem dolorem consequuntur. Omnis rerum culpa inventore. Consequatur voluptas necessitatibus sit ut esse non. Qui laudantium iure.",102,2017-17-17 18:17:49,2020-56-11 01:56:59
2,Gastroenterology,"Quia et deleniti sit. Quia minus voluptas consequatur. Nihil sapiente autem nihil sit porro placeat iure. Dicta doloremque dolores hic maxime vel. Tenetur reiciendis non. Quam quaerat fuga et repellat. Odio reiciendis eveniet laudantium quidem. Aut delectus omnis fugiat perferendis labore dolorem aut. Necessitatibus sapiente odio. Quisquam quia mollitia consectetur.",148,2019-33-18 17:33:23,2020-56-11 01:56:59
3,MedicalGenetics,"Cupiditate quia et consequatur aliquid voluptas facere praesentium. Et repudiandae rerum aspernatur voluptas non dolorem. Quidem quod qui nam. Recusandae non numquam voluptatem rem vel expedita dolores. Molestiae ea aut aspernatur sunt aut et. Quidem libero sit quia sit provident voluptatibus reprehenderit. Ut quis ad in officiis cum. Asperiores deleniti est illum. Fuga velit consequatur sint hic. Quia libero et molestias minima aut rem fugit. Quam fugit est non facere repellendus. Facere veritatis consequatur quae.",157,2015-18-05 20:18:30,2020-56-11 01:56:59
4,Cardiology,"Eaque dolorem impedit exercitationem. Sed iste saepe. Commodi rerum aut est. Odio nobis et incidunt aut doloribus. Tempore modi iure consequatur omnis sit nemo. Omnis vero qui et aliquam vero doloribus. Voluptas commodi voluptas et qui. Qui vero harum reiciendis voluptatum voluptas quia. Enim quo dignissimos repudiandae iste. Quas dolore iste qui voluptatem qui consectetur. Eligendi ut sunt a. Et repellendus praesentium sequi.",157,2015-18-05 20:18:30,2020-56-11 01:56:59
5,CardiovascularSurgery,"Minima dolore dolor. Sequi eos repudiandae exercitationem. Quo modi reiciendis sunt. Pariatur alias nesciunt autem suscipit. Nisi quia ipsam et omnis. Consequatur adipisci molestias. Beatae quam qui. Dolores et fugiat temporibus. Optio cumque dolores illo laboriosam sed aut quis. Eos dolorum explicabo quia et necessitatibus. Ut eaque iure magni alias dignissimos.",135,2017-11-02 01:11:50,2020-56-11 01:56:59
6,PainManagement,"Iure ut iste. Eaque itaque labore et voluptate perferendis eos. Assumenda explicabo sed cum unde ipsa. Sit occaecati nostrum et commodi enim modi a. Facilis ut ea alias id sapiente voluptas dolorum. Quis sequi doloribus. Asperiores blanditiis illo velit necessitatibus fugiat temporibus. Quasi itaque consequatur earum quia accusamus distinctio velit. Omnis laudantium corrupti. Quia doloremque perferendis in rem.",72,2016-18-15 11:18:46,2020-56-11 01:56:59
7,Gastroenterology,"Debitis quam temporibus soluta ipsam est ut voluptates. Blanditiis optio voluptate accusantium voluptas aut neque distinctio. Hic eligendi corrupti est aut commodi harum. Saepe et et cum. Nostrum ab nihil necessitatibus laborum labore dignissimos suscipit. Assumenda aut nulla est eveniet voluptatem. Velit provident eum. Repellendus ut porro nam ratione et omnis mollitia. A soluta alias facere. Pariatur laborum rerum excepturi et quia non debitis. Eum voluptatem sit.",84,2016-02-06 22:02:48,2020-56-11 01:56:59
8,Neurosurgery,"Fugit eaque recusandae vero ratione. Animi beatae vel labore dolores. Consequuntur rerum culpa et. Velit voluptatem repellendus eligendi et. Qui et maiores dolores. Sit ut perspiciatis aliquid rerum vitae. Voluptas totam quod ut. Tenetur alias necessitatibus nisi non facilis saepe. Quod ut fugiat et dolore. Ut reiciendis temporibus.",145,2015-57-17 07:57:49,2020-56-11 01:56:59
9,PalliativeCare,"Nobis fugiat neque. Atque dicta dignissimos. Deleniti excepturi non qui non earum qui eius. Odit error quo ut. Sit ab similique temporibus non repellendus facilis perferendis. Ab et a a quibusdam. Est quia magni consequatur distinctio ut rerum necessitatibus. Porro nam unde nemo officiis. Est ea maiores nesciunt. Aspernatur quis ut maxime et nam.",34,2018-51-26 22:51:46,2020-56-11 01:56:59
10,Orthopedics,"Placeat id dolorem rerum. Illo dolores nesciunt praesentium. Et atque occaecati rerum. Minus sapiente accusantium repudiandae omnis qui. Voluptatum est id. Enim unde cupiditate qui voluptatem vel. Velit quaerat ex ut in non sunt. Consequatur porro tempora qui ut ut et. Cupiditate et voluptatem culpa reiciendis earum quibusdam. Perspiciatis officiis quo.",89,2019-54-30 23:54:29,2020-56-11 01:56:59
11,InternalMedicine,"Rem labore nihil voluptatibus. Omnis vitae consequuntur aut qui eos. Consequatur sint animi quia aliquam aut ut harum. Illo cupiditate sed officiis qui. Amet et aspernatur et voluptatem fuga voluptatem sit. Est eos aperiam neque reprehenderit quis ut quae. Quas harum eos rem nihil. Similique vel sit repellat consequatur beatae mollitia. Soluta voluptates impedit vel. Facere quas animi. Modi accusamus cupiditate voluptatem est laboriosam voluptatem. Doloribus saepe praesentium id fuga.",130,2017-17-26 19:17:08,2020-56-11 01:56:59
12,Neonatology,"Qui tenetur aut aut. Alias illum iure. Ut sint eligendi quasi. Non ducimus voluptas eum a sint. Et totam soluta. Minima voluptatem rerum. Eveniet sed deleniti facilis unde minima culpa. Commodi in consequuntur impedit id magni quasi quae. Sunt at reiciendis omnis ea mollitia voluptas ducimus. Dignissimos et fugiat nemo magnam.",195,2017-18-13 06:18:48,2020-56-11 01:56:59
13,HeadAndNeckSurgery,"Aut voluptas enim esse. Est cumque neque. Ea neque labore corrupti repudiandae nisi nihil. Ut non eos. Consequatur quaerat inventore assumenda est ex iste deserunt. Hic et ipsam libero error at voluptatem vel. Illo distinctio voluptate voluptatem deleniti magnam. Earum exercitationem est quo itaque. Voluptatem aliquid vel animi. Sunt tempora ut nihil provident accusamus. Explicabo ut culpa enim officia officia. Eos doloribus officiis et dolor placeat.",36,2018-52-30 14:52:45,2020-56-11 01:56:59
14,Pathology_SurgicalAndAnatomic,"Commodi debitis numquam culpa iste commodi in aut. Sapiente temporibus quisquam libero quaerat quasi eum. Rerum ratione ab modi et. Et sed cupiditate dolorum voluptas mollitia qui illum. Aut doloremque fugit molestiae. Perferendis aut deserunt. Alias neque fugit voluptatem perferendis sed labore dolores. Voluptas impedit minima doloremque rerum ea. Cum sit quia occaecati possimus molestias. Soluta itaque vitae neque. Accusamus cumque eum molestiae explicabo commodi qui quia.",66,2015-08-20 22:08:36,2020-56-11 01:56:59
15,ObstetricsAndGynecology,"Maxime sint aut cupiditate optio est. Laboriosam numquam cum rem. Pariatur quia enim voluptatem vel nobis dolore. Veritatis adipisci illo est. Earum rerum cum voluptatem aut aut nulla sed. Consectetur eos debitis aut recusandae deserunt ipsa. Non provident neque sit omnis et. Debitis et et quisquam. Dolor dolore possimus numquam. Possimus molestiae vitae delectus. Consequatur veritatis numquam eius rerum a consequatur.",4,2020-08-13 04:08:56,2020-56-11 01:56:59
16,GeneralSurgery,"Qui inventore ratione nihil veritatis ad dicta temporibus. Ab enim nihil error et nisi eos ea. Occaecati aut excepturi. Eos aspernatur sunt dicta rerum et. Aliquam voluptas qui qui aut. Inventore recusandae possimus et rerum. Soluta perferendis quos maiores architecto porro ad. Rerum cum molestias dolores ut repellendus. Necessitatibus explicabo sequi sequi ut. Sit commodi iusto ea. Nemo cupiditate eum.",173,2019-15-21 20:15:45,2020-56-11 01:56:59
17,Nephrology,"Quam officia autem asperiores inventore officiis. Nam dolores incidunt consequatur. Fugiat eaque quia fuga. Laudantium voluptas perferendis explicabo distinctio quia. Inventore aut est vero mollitia sit maiores. Vitae molestiae aperiam sit. Voluptates dolores sapiente voluptatem sunt quam temporibus illum. Qui inventore totam ad est et voluptas. Blanditiis a impedit ea velit. Ut officia sequi temporibus. Voluptatem voluptas maiores nesciunt.",197,2016-16-01 00:16:25,2020-56-11 01:56:59
18,PalliativeCare,"Voluptatem aut ut quos. Dolorem harum provident quis et. Temporibus ipsum ipsa fugiat inventore omnis. Inventore minus consequatur optio. Ex omnis ex voluptatum tempore necessitatibus. Beatae in placeat. Rerum repellat quos nisi tempora. Veniam quos voluptatem sint unde. Non illo ut. Itaque sapiente provident temporibus quaerat qui. Animi ipsa et fugiat consequatur eum.",154,2017-08-13 22:08:56,2020-56-11 01:56:59
19,CardiovascularSurgery,"Eum et voluptas inventore quia fugit laudantium. Neque eos eveniet. Est quia eaque a perferendis esse harum. Veritatis consequatur quia qui recusandae. Nihil nobis tenetur quasi. Autem quidem quod harum facilis soluta voluptatem. Sed deserunt inventore accusantium. Eos ut cupiditate veniam. Incidunt quia tenetur itaque perspiciatis est dolor. Sint minima est dolorem. Est quia aut molestiae alias magnam. Incidunt laudantium blanditiis iusto occaecati delectus.",144,2017-11-15 13:11:20,2020-56-11 01:56:59
20,Pathology_SurgicalAndAnatomic,"Cupiditate non iusto autem dolore dolores. Blanditiis impedit cum sint consequatur natus. Eos minus consequatur qui consequatur. Omnis in asperiores ut enim. Quia laudantium blanditiis qui est et. Enim expedita occaecati nisi ex neque fugiat est. Dolore minus excepturi rerum occaecati minus ipsam quas. Id deserunt animi eum. Iste consequatur quia quas odit. Voluptas reprehenderit fugit consectetur et molestiae. Rem quo saepe in non. Eaque et saepe harum quia suscipit harum.",114,2018-39-29 19:39:11,2020-56-11 01:56:59
21,Hepatobiliary,"Eum at unde sapiente. Mollitia itaque est doloremque iusto omnis quasi. Et aliquid enim accusamus consectetur. Excepturi qui eum deleniti eos sit inventore. Laborum explicabo aut quo incidunt ad enim vero. Fugit repellat et id et mollitia ut. Voluptatem ea qui officiis. Esse ex deserunt soluta velit non hic et. Sed sint inventore in. Illum non vero provident quam hic. Eius officiis et totam eum quibusdam ut. Est at enim quis placeat.",138,2018-45-02 12:45:45,2020-56-11 01:56:59
22,Anesthesia,"Iste beatae pariatur est perspiciatis corrupti iusto. Quasi ullam aut vero. Nostrum sit nisi accusantium similique voluptatem animi. Rerum laborum vero vero sint. Odio dolores itaque rem a omnis voluptas. Aut libero qui beatae voluptatem beatae. Possimus ea voluptate nobis. Ipsum non delectus et laborum ducimus architecto impedit. Dolor est consequatur sed minima ad saepe tenetur. Ipsam deleniti quo. Saepe voluptatum velit nam aspernatur. Molestias suscipit aut.",124,2015-03-25 03:03:30,2020-56-11 01:56:59
23,MedicalGenetics,"Laborum nihil facere quia iste eos ut. Placeat accusamus quaerat autem. Unde magnam impedit dolore autem beatae quibusdam. Repellat et explicabo quibusdam aut esse nam. Iusto voluptas blanditiis culpa dolor. Mollitia commodi repudiandae illo doloribus non laborum. Illo possimus qui quasi est. Et praesentium velit nihil. Qui eum quis voluptas cupiditate. Voluptatem quas ratione eum corporis labore.",20,2019-59-07 07:59:27,2020-56-11 01:56:59
24,InfectiousDisease,"Provident libero non ut et officiis. Nam non et est quibusdam error nesciunt. Tempora et odit neque. In et sint ratione quasi eum. Voluptas aut sit voluptatum cum. Sit blanditiis natus consequatur libero quia deleniti cumque. Repellendus minus libero eaque nihil. Explicabo reprehenderit minus. Numquam natus blanditiis quia cumque iste rerum laudantium. Nulla est beatae.",150,2019-35-05 22:35:39,2020-56-11 01:56:59
25,CardiacCatheterization,"Ut hic sit. Eum laudantium tenetur quasi. Et architecto molestiae nisi id. Autem molestias quia id perferendis porro quo laboriosam. Eius voluptatum aspernatur. Velit sunt dolor. Laboriosam et quia quibusdam voluptatum optio. Nesciunt veritatis aut tenetur et et. Nobis ex nam dignissimos id id adipisci. Corporis harum minima nostrum fugit. Molestiae commodi illum nobis occaecati debitis occaecati.",168,2017-47-14 17:47:26,2020-56-11 01:56:59
26,CardiacCatheterization,"Sit corporis accusantium velit vel nulla occaecati. Dignissimos enim nisi eum. Voluptate deserunt aut assumenda consequatur natus doloribus. Dolorem odio aspernatur facilis quis. Ut est assumenda eaque magni non. Et beatae et voluptas saepe commodi. Vel dolorem quidem voluptatem possimus a non. Eveniet quis voluptatem ut qui dolor ad nihil. Ea rem molestiae natus. Labore eos aliquam. Debitis ratione blanditiis autem corrupti amet molestiae. Eveniet doloremque occaecati quae dolorem sapiente dolor esse.",113,2015-41-20 18:41:50,2020-56-11 01:56:59
27,Dermatology,"Esse non cum consequatur laborum voluptatem ad eius. Ipsam debitis quo quaerat voluptatibus. Distinctio enim rerum et reprehenderit. Repudiandae saepe atque magnam aspernatur. Facilis nisi eveniet eos at. Repellat officia accusantium ratione et ut reiciendis. Aperiam reiciendis aliquam aliquam. Culpa accusamus eos. Amet libero est. Expedita ut exercitationem. Incidunt et omnis optio necessitatibus distinctio illum. Voluptatem optio vero qui voluptatem eius pariatur.",31,2017-23-07 11:23:21,2020-56-11 01:56:59
28,InterventionalRadiology,"Nihil nihil iste quo numquam qui consectetur sunt. Necessitatibus quisquam et quae sint quia. Harum ea ipsam et quia nobis illo labore. Dignissimos dolor iure et laudantium qui. Numquam distinctio aliquam optio rerum nobis laboriosam sint. Aut et odit reiciendis perferendis nemo vel aut. Nisi sed non rerum voluptas cumque. Nobis debitis ea corporis. Rerum ut ipsa et quaerat. Vel dicta deleniti excepturi quia perspiciatis accusamus et. Modi placeat consequatur libero. Totam vero non molestiae ut quia labore.",115,2019-26-29 13:26:19,2020-56-11 01:56:59
29,Otolaryngology,"Tenetur voluptatum tempora saepe sint quod saepe minima. Commodi fuga nesciunt minus tempora sint. Nulla rerum qui eum aut magnam consequatur voluptatem. Sint dolor et voluptate. Nam suscipit in numquam ipsa esse ducimus id. Dolorem porro quidem quo unde culpa error. Rem iure nihil fugit nisi consequatur. Laborum dolorem ratione. Dignissimos ratione qui suscipit aut ex. Quia aspernatur illum consequatur maxime aliquid consequatur. Similique incidunt est ut iste ab reiciendis. Quidem ducimus ullam.",198,2020-17-24 00:17:00,2020-56-11 01:56:59
30,HeadAndNeckSurgery,"Enim magni deserunt dolores facere culpa. Quos ex quod necessitatibus vel in. Maiores assumenda rerum velit impedit facilis at velit. In enim omnis explicabo magnam voluptates ex. Libero nemo perspiciatis. Sint ut et nam. Numquam provident consequatur. Ad maxime laudantium. Est quos et. Sunt nisi et sed ipsam et accusamus. Et nesciunt et unde expedita fuga corporis. Quo aliquam ex voluptatem.",144,2017-11-15 13:11:20,2020-56-11 01:56:59
31,Hematology_Oncology,"Aut non blanditiis veritatis ipsa sint. Veniam qui inventore. Reprehenderit sed velit quibusdam. Ea aut incidunt et. Occaecati ipsa molestiae accusantium et aut. Omnis doloremque voluptatem. Eos ut et quo qui rerum. Ipsa atque facilis nesciunt eveniet ad. Quo error natus. Neque reprehenderit sed libero debitis minima accusamus.",82,2018-38-04 03:38:27,2020-56-11 01:56:59
32,InternalMedicine,"Neque et cupiditate soluta veritatis in dolores. Omnis quam reprehenderit ea ducimus quod qui veniam. Consequatur sed pariatur veniam facere. Nemo inventore unde. Nihil ducimus culpa sit pariatur at. Ea suscipit quisquam omnis deserunt id dicta cum. Ducimus veritatis cum est. Cumque quia inventore. Fugit voluptatibus qui occaecati omnis quia. Est ut accusantium praesentium enim. Ea ullam est omnis quo voluptate recusandae. Tempora quis qui sed non est dolorem.",70,2016-22-27 23:22:08,2020-56-11 01:56:59
33,PhysicalMedicine,"Totam corrupti laborum. Officia aut sunt quia sed voluptatem accusantium. Laudantium consequuntur natus sint mollitia accusamus. Dolores sit rerum. Voluptatum enim non qui et iste repudiandae dicta. Dolor illum nihil nesciunt qui quasi. Adipisci eum modi ea quaerat. Expedita officiis pariatur consequatur sed ut ut minima. Et non reprehenderit sequi sint sequi. Ut veritatis eveniet quam sapiente quae eum possimus. Blanditiis quidem ea ut. Et nesciunt repudiandae facilis unde repudiandae quis.",173,2019-15-21 20:15:45,2020-56-11 01:56:59
34,Gastroenterology,"Dolores architecto repellendus natus illum non eaque. Repellat assumenda magni quia natus non omnis. Vitae nihil dolorum sed ducimus quibusdam et. Repudiandae id sed quo et minima. Repellendus temporibus numquam veniam voluptates impedit error. Officia ratione totam. Nam deleniti illum id qui inventore fuga unde. Dolorem quae quod numquam suscipit et quia. Saepe natus eveniet repudiandae veritatis. Enim libero quia placeat sint ratione laudantium.",108,2018-03-05 22:03:12,2020-56-11 01:56:59
35,AdultIntensivist,"Enim voluptate alias sit officia odit aut. Qui sit animi nemo. Eum voluptatum quas eius vel minus necessitatibus doloribus. Nostrum sed rerum. Ipsa quae vel blanditiis quibusdam sed. Debitis cumque animi eius sed. Ut et molestias architecto hic ut quod reprehenderit. Tenetur modi quae blanditiis voluptas accusamus cumque. Quis et rem tempora aut. Odio corporis eius fugiat saepe et animi qui. Ad numquam sapiente ut odit id beatae.",91,2017-05-13 05:05:28,2020-56-11 01:56:59
36,Electrophysiology,"Placeat accusamus et nulla omnis. Ad fuga nobis. Fuga et aliquid a. Est odio natus sint sint quas. Explicabo maiores ipsam. Molestiae rerum voluptates consequatur ea nisi. Sit dolores optio harum fugit enim repellendus. Ad ut aut assumenda totam veniam nostrum ut. Aperiam sed tenetur veritatis culpa. Nemo consequatur qui sit eligendi dignissimos aut. Est commodi totam nobis voluptatem facere qui dolores.",127,2017-07-26 14:07:53,2020-56-11 01:56:59
37,ColorectalSurgery,"Voluptas quae rerum. Quis aliquid aut sunt nobis eos rerum. Sit molestiae enim mollitia quas cumque non. Occaecati neque repellat officia sapiente. Dolor sapiente praesentium consequatur laboriosam mollitia aliquid nisi. Ullam et ut repellat iste soluta dolor. Quia eos occaecati consequatur velit. Repudiandae qui voluptas. Et corrupti repellendus eos fugit qui id corrupti. Deserunt dolorem consequuntur sed quisquam quo. Error incidunt dolores qui amet quaerat.",167,2018-30-06 20:30:29,2020-56-11 01:56:59
38,ObstetricsAndGynecology,"Quo non est accusamus illo id. Quia doloremque nemo atque reprehenderit velit aut. Magni fugit voluptas explicabo aliquid. Voluptatum aliquid id. Voluptates esse aut nihil iure nulla. Necessitatibus ut soluta eveniet eum. Blanditiis sunt odio adipisci aut. Corporis nisi et nemo. Odio quibusdam aspernatur similique. Corporis quia consequatur inventore aut.",83,2015-01-30 00:01:13,2020-56-11 01:56:59
39,Allergy,"Fugiat sed iusto dolorem. Perferendis et voluptas et ipsum et et reprehenderit. Asperiores earum magnam voluptas maiores unde aut. Qui consequatur recusandae non. Sed et quis quasi at. Dolorum consequatur qui. Sequi ipsum recusandae necessitatibus quis praesentium. Tempore totam assumenda quas ab maxime. Expedita reprehenderit impedit perferendis cum. Nostrum accusamus voluptatem doloribus. Perspiciatis quae sed quo minus molestiae adipisci.",150,2019-35-05 22:35:39,2020-56-11 01:56:59
40,Orthopedics,"Temporibus fugit esse in maxime. Est quia nostrum. Tenetur architecto quo. Voluptatem excepturi maiores. Et unde tempora. Dolorum sit cumque assumenda fugit excepturi ex. Vero quaerat quis accusamus minus aut ex. Neque nam excepturi. Nihil quas reiciendis magni cupiditate. Quasi fugit quam similique. Unde quas est asperiores voluptatum et.",167,2018-30-06 20:30:29,2020-56-11 01:56:59
41,InterventionalRadiology,"Iure in est voluptatem. Repellat alias odit nesciunt a possimus cupiditate illo. Ab eum minus et ut fugiat. Voluptas ab recusandae vitae aut. Aut rerum nostrum officiis sunt saepe voluptas enim. Dignissimos et eum et commodi. Eum possimus tempore quisquam et. Rerum officiis deserunt molestias possimus inventore nulla voluptas. Dolor ea et consectetur vero eligendi. At in id porro nesciunt repudiandae.",137,2015-31-25 22:31:29,2020-56-11 01:56:59
42,Ophthalmology,"Aut qui ab soluta natus voluptatem consectetur et. Sequi omnis in dolore et alias fuga ducimus. Molestiae maiores ut. Rerum ea aperiam aut quo. Aut totam et sed ea. Qui et quibusdam dolores unde consequatur possimus. Nam deleniti optio aut corporis cupiditate minus. Amet occaecati quis. Quo corrupti ratione sunt ut. Quis quia odit quia.",150,2019-35-05 22:35:39,2020-56-11 01:56:59
43,Gastroenterology,"Sapiente sint sequi sit asperiores qui rerum ut. Sed velit voluptatibus perferendis hic. Dolores tempore et quisquam. Enim rerum consequatur ut facilis. Rem nam enim est provident ad eos et. Possimus voluptatum qui non laboriosam odio dignissimos. Molestiae inventore libero. Saepe velit sed dolorem officia perferendis commodi consequatur. Ut dolor vel eaque. Enim rem et eum cum.",87,2017-14-23 01:14:59,2020-56-11 01:56:59
44,MedicalGenetics,"Nisi fugiat ab neque. Quia qui eius asperiores ipsam. Dolor non omnis quia laborum nihil eos. Provident voluptatem cupiditate. Qui et praesentium consequuntur debitis. Quis asperiores minima error ut. Officia aliquam reiciendis aliquam. Sed temporibus nemo fugiat. Unde quia qui explicabo autem aut. Commodi dignissimos totam animi eius.",28,2016-15-21 07:15:48,2020-56-11 01:56:59
45,AdultIntensivist,"Eum ad aut suscipit tempore esse laborum. Consequatur voluptatem et repudiandae reiciendis iste consequatur. Animi error rerum tenetur iste dolorem. Cum quaerat rerum. Ipsam illum et numquam quidem. Aut placeat id et ad et ipsam nihil. Aut dolorem adipisci iusto nobis esse repellat quasi. Dolorem quis quasi nostrum nesciunt earum. Aut aliquid saepe. Aut sed magni ipsum ut ad nam. Eaque quia quo et esse ut voluptatibus. Ut voluptas facilis.",102,2017-17-17 18:17:49,2020-56-11 01:56:59
46,Anesthesia,"Eligendi dolores consequuntur velit voluptas laudantium. Dolorem fugit cupiditate laudantium id veniam est tempore. Omnis animi exercitationem repellendus dignissimos voluptas autem. Dolorum ullam aliquid beatae quis vel perferendis in. Et sit et a officiis. Architecto qui voluptatum. Voluptatum nesciunt temporibus veniam soluta. Fuga ex et dolores harum. Voluptatem sed aut ducimus. Reprehenderit nesciunt modi. Odio est maiores eum.",84,2016-02-06 22:02:48,2020-56-11 01:56:59
47,Neurology,"Consequatur et fuga. Sit sapiente minus suscipit iste. Corrupti vero ut assumenda veritatis. Tempora tempora eligendi. Sit dolor iste sed quo rerum rerum inventore. Inventore iure aut maiores error quo. Eos in illum rerum et est non voluptas. Fuga ut rem voluptatem. Velit consectetur perferendis veritatis aut consequuntur doloribus. Qui quia magnam nobis voluptatibus. Architecto aut illo voluptatem. Tenetur consectetur fugit quia fugit fugit.",8,2017-34-19 08:34:27,2020-56-11 01:56:59
48,PhysicalMedicine,"Accusantium velit ipsa sunt quia repellendus laudantium veritatis. Repudiandae sit dicta. Quaerat soluta atque enim labore eum. Sed quo quis eum rerum tempora deleniti nihil. Tempora laudantium laboriosam exercitationem temporibus. Error at est ullam enim minus eum. Dolor minima commodi ut provident id. Doloremque reiciendis praesentium vel et quae dolor sit. Voluptates non impedit. Officia rerum excepturi soluta eligendi aliquid fuga. Voluptas et quis odio. Quo excepturi cumque sapiente veniam excepturi.",200,2019-34-17 17:34:02,2020-56-11 01:56:59
49,GeneralSurgery,"Blanditiis quo et debitis. Qui temporibus est. Corrupti omnis eaque sint sunt ut quisquam. Ut eaque nostrum velit et. Expedita aut consequatur mollitia dolores est. Possimus dolorem eaque. Dolores iure expedita ut reprehenderit quis mollitia dolorem. Non dolore nam beatae sed non. Repellendus dolor blanditiis quia expedita. Aut qui nemo autem quod nemo iure.",145,2015-57-17 07:57:49,2020-56-11 01:56:59
50,PediatricIntensivist,"Corrupti eum quaerat a suscipit sed debitis et. Sit blanditiis laborum. Fuga totam fuga eum ex tempore nam reiciendis. Reiciendis doloribus inventore. Atque earum odit velit voluptas consequuntur incidunt aspernatur. Et a quis. Qui et hic animi soluta temporibus iusto nobis. Voluptatibus rerum ea nulla nesciunt dignissimos. Consectetur ipsum porro. Perferendis et incidunt est et rerum eum nostrum.",138,2018-45-02 12:45:45,2020-56-11 01:56:59
51,Cardiology,"Et non sint incidunt consequatur voluptatem non. Nesciunt labore ipsa odio. Iusto eum qui est. Officia debitis ea sint quis nobis possimus quas. Rerum fugit consequatur dignissimos dolorum voluptatum assumenda qui. Velit sed laborum ipsa. Hic autem iure molestiae minus saepe. Quia sit qui assumenda. Quidem temporibus facilis saepe voluptatem saepe. Laboriosam nisi ab soluta eum numquam sunt. Ab consectetur repudiandae fugiat.",187,2016-54-28 04:54:07,2020-56-11 01:56:59
52,MedicalGenetics,"Qui vel dolorem. In eius aspernatur nihil. Harum deserunt natus laboriosam quod eos maxime. Cupiditate alias quo nihil recusandae est iure accusantium. Est ullam earum eius voluptatem voluptate. Et quis dolorum et velit veritatis. Sint iusto enim ut. Praesentium nisi quam dolorem omnis saepe aut consequuntur. Et voluptatem aliquid rem qui. Dolore consequatur quibusdam veniam.",160,2019-47-20 16:47:42,2020-56-11 01:56:59
53,CardiovascularSurgery,"Ea nihil repellat. Id reprehenderit aliquid. Sed aut fugit et quod aut. Perspiciatis repellendus repellat minima dicta. Occaecati exercitationem aut accusamus aliquid. Nulla maiores similique illo. Qui porro debitis nulla neque repudiandae rerum. Dolorem ut quaerat. Ipsum beatae dolorem. Aut commodi vel.",78,2017-36-21 13:36:49,2020-56-11 01:56:59
54,Neonatology,"Non praesentium ut sint sunt in aliquam. Qui est fugit et aspernatur velit ut. Maiores ipsam cum voluptatem in aliquid reiciendis temporibus. Vitae minima ad quae perspiciatis quaerat ut. Facere sed corrupti quia. Et omnis sed sed. Deleniti ea occaecati id. Iusto eum dolorum. Atque nisi vero placeat quod rerum. Velit sit libero expedita id voluptas.",85,2015-32-11 19:32:04,2020-56-11 01:56:59
55,HeadAndNeckSurgery,"Quia architecto hic delectus et. Autem ut dignissimos fugiat delectus voluptatem praesentium numquam. Ea qui quae distinctio dignissimos ut tempora hic. Reprehenderit non est modi excepturi. Voluptatum est sit ut. Qui quis distinctio. Sint rerum in autem architecto aspernatur quam. Maxime eum placeat dolores est qui. Ex qui voluptatem laborum. Delectus eos qui tempora ducimus eos. Id eveniet et. Aut neque expedita distinctio qui officia quasi.",54,2018-46-08 03:46:12,2020-56-11 01:56:59
56,OccupationalMedicine,"Qui delectus molestiae nemo autem dolorum. Occaecati repudiandae omnis aut voluptatem molestiae minima ipsum. Id voluptas sed. Aliquam praesentium sed magnam placeat enim. Aut assumenda magni. Maxime vero quo non eum. Aperiam rerum ipsum ipsam error qui. Delectus officia sed hic voluptas nostrum quis esse. Ab asperiores perferendis consequatur. Qui maiores dolorem accusamus. Quia quas numquam. Est unde suscipit ut quis.",8,2017-34-19 08:34:27,2020-56-11 01:56:59
57,Hematology_Oncology,"Asperiores sapiente quo vero quia possimus. Expedita aut amet. Consequatur sit labore doloribus. Error iure odio. Eos tempora pariatur amet sed ea beatae. Praesentium odio nihil vel iure et. Ut dolores consequatur nobis omnis deleniti quis ut. Quibusdam quasi aut et ut esse iste eos. Doloribus et in a nihil reiciendis et minima. Eos sed quis maiores tenetur. Modi consequuntur fuga dolores sapiente qui sit. Quia quaerat consequuntur.",14,2019-28-27 14:28:45,2020-56-11 01:56:59
58,FamilyPractice,"Ullam voluptatem molestias et delectus qui tempora. Et consequatur nesciunt voluptatem exercitationem ea. Saepe voluptatum beatae tempora numquam velit. Fuga alias molestiae quaerat sit quo aspernatur provident. Omnis sunt autem. Sunt libero expedita qui sapiente autem iure eaque. Nam rem odit et accusantium. Et molestiae placeat. Aut hic odio. Natus aut impedit et expedita. Molestiae architecto laudantium.",88,2020-20-21 03:20:09,2020-56-11 01:56:59
59,InfectiousDisease,"Delectus quia voluptas voluptatibus numquam deleniti tenetur officiis. Qui impedit inventore dignissimos in voluptatum. Similique modi illum sapiente aut. Architecto quia ea maiores magnam ut earum deserunt. Accusantium quos soluta. Itaque ut porro itaque. Aut minima ut qui culpa saepe. Non omnis quod ipsa totam similique recusandae. Quas delectus aut odit harum debitis. Accusamus et aut autem error officiis. Odit corporis voluptate necessitatibus nemo. Quas quisquam non et.",89,2019-54-30 23:54:29,2020-56-11 01:56:59
60,Otolaryngology,"Omnis sed maxime perferendis voluptates temporibus sed. Deleniti provident quidem voluptates eum alias. Aspernatur id quam quis dolores blanditiis atque. Qui qui molestias quisquam vel ea. Alias impedit incidunt veniam reiciendis voluptatibus impedit. Soluta minima ut cumque qui. Est neque suscipit et mollitia est magnam. Eum et est. Dignissimos sed nostrum. Optio aliquam animi voluptatem omnis incidunt eos. Nostrum quis error nostrum voluptate.",12,2018-06-09 20:06:35,2020-56-11 01:56:59
61,ObstetricsAndGynecology,"Et ipsa odio quo. Consequatur molestiae quo error. Voluptas delectus dolores. Provident odit autem cum commodi. Commodi quas accusamus voluptatem pariatur. Voluptas expedita labore. Et qui dolores non. Recusandae autem nesciunt. Neque molestiae dolores commodi delectus. Dolorem dolor expedita velit facilis et. Et mollitia tempora magni alias qui.",38,2016-11-19 20:11:00,2020-56-11 01:56:59
62,Hospitalist,"Sunt eligendi sit impedit odit. Ex sit quaerat. Et non repellat. Perferendis voluptas in officia est a natus ullam. Excepturi et est commodi. Quaerat quas ipsum tempora sed. Quasi autem aut voluptatibus sit. Culpa reprehenderit aperiam est officia expedita quia. Quisquam accusamus est aut. Reiciendis nisi inventore repudiandae facilis animi quo quam. Consequatur omnis iste quia. Quia error iste quia eaque quae.",145,2015-57-17 07:57:49,2020-56-11 01:56:59
63,ObstetricsAndGynecology,"Voluptas voluptate vel necessitatibus corporis et excepturi sed. Suscipit unde dolorem in. Similique non doloremque alias aut non voluptatum. Quam vitae nisi repellat laboriosam eligendi quae qui. Repellendus rem minus omnis minus minus. Deserunt magni id aperiam illo. In officiis laboriosam. Atque ratione accusantium sit ipsum velit. Saepe aut quia ut assumenda similique aut et. Minima quod suscipit praesentium. Ipsam hic sequi rerum quia.",132,2019-34-08 23:34:10,2020-56-11 01:56:59
64,MedicalGenetics,"Ea deserunt temporibus consequatur odit ipsam recusandae at. Ea odio corrupti sed debitis harum autem. Voluptatem voluptatem ullam eum omnis. Officiis voluptates voluptas quis at laborum eum non. Tempora voluptatem quia dicta ipsa iusto sequi placeat. Quibusdam et ut. Illum et quibusdam sapiente nesciunt velit vel quos. Vero ut a neque iste debitis error. Fugiat deserunt enim. Odit sed eaque asperiores vel veniam. Explicabo impedit doloremque ipsum.",49,2018-59-05 11:59:51,2020-56-11 01:56:59
65,Pathology_SurgicalAndAnatomic,"Quisquam quas quod consequatur ad at rem. Ut excepturi quia hic suscipit laboriosam nam quo. Explicabo rem ducimus. Sunt nisi sit optio aliquam qui. Voluptas quia voluptatem et atque veritatis perspiciatis. Consequatur rerum dolorem hic. In debitis vero vel occaecati laborum voluptatem neque. Quia neque autem soluta dolorum minima eos itaque. Omnis qui debitis non. Aut eveniet neque aut fuga tempore sed. Molestiae blanditiis et qui reiciendis minus reprehenderit.",171,2017-13-10 00:13:20,2020-56-11 01:56:59
66,PediatricSurgery,"Mollitia in pariatur. Laboriosam perspiciatis sequi. Unde eum labore. Dolores quas nihil minus iure doloremque. Corrupti saepe ut eum laborum minima error ut. Quam praesentium dolorum architecto. Possimus ut ut consequatur neque labore. Praesentium minus architecto aut porro. Exercitationem quo est voluptas harum. Dignissimos quo vitae minima voluptates et. Est consequatur facere ut.",125,2015-41-05 22:41:38,2020-56-11 01:56:59
67,Neurosurgery,"Sit aperiam consequatur iusto. Esse ipsam deleniti voluptatem fugit ipsa non cupiditate. Aut quia eveniet aut consequuntur magni corrupti sed. Nesciunt inventore adipisci facilis sed sunt voluptatem. Dolor dignissimos ipsa similique. Doloremque dicta laboriosam iusto incidunt aut similique. Consequatur nisi et ducimus. Minus eos repudiandae et perferendis aut sed facilis. Alias quam est. Dolores recusandae perspiciatis ex dolores sit eligendi error. Aut rerum minus aliquam non libero debitis.",121,2015-07-18 05:07:06,2020-56-11 01:56:59
68,CardiovascularSurgery,"Quasi aperiam qui dignissimos. Labore fuga quia voluptates. Ut aut sint aut. Soluta fuga ea. Dicta ut sed dignissimos quia exercitationem nihil aut. Ut id molestiae minus expedita nemo. Doloribus quam deleniti dolores rerum aut nulla. Hic sint molestiae officia sed quia reiciendis numquam. Aut corporis et et. Nulla ea est.",41,2015-45-25 03:45:06,2020-56-11 01:56:59
69,Anesthesia,"Quo accusantium atque soluta qui. Dolorem ad quas voluptatem quod. In voluptatem odio. Rerum quidem nobis. Autem commodi nobis. Et voluptatem expedita rem consequatur et itaque. Rerum dolore laborum enim distinctio consequatur. Temporibus minima sapiente unde. Est id et aut. Voluptate nam vitae. Aut rerum nihil facilis. Qui sed quis sit est eum id.",59,2016-45-28 08:45:26,2020-56-11 01:56:59
70,MedicalGenetics,"Ipsam qui ut laborum culpa sunt. Et velit impedit dolor quos eos. Quia est velit est delectus dolorem quo saepe. Magnam beatae magni voluptatem dolorem est alias. Rem et laboriosam quisquam consectetur non accusantium harum. Et quis tempore numquam id labore. Doloribus aut rerum similique a cupiditate. Iure id ad ratione quis qui vel. Autem voluptas ratione. Beatae quos sapiente. In facere saepe eos et pariatur beatae.",20,2019-59-07 07:59:27,2020-56-11 01:56:59
71,Neonatology,"Sit quas vel. Odio et voluptates laboriosam consequatur non labore officiis. Et accusamus reiciendis non voluptatibus. Ratione assumenda est excepturi enim quo eos. Vel sunt dicta velit aut nemo enim aut. Dolor laudantium cupiditate. In odit temporibus tempora. Qui voluptas earum animi alias aperiam mollitia maiores. Harum accusantium dolore nihil aut eligendi. Aut enim numquam enim dolore nemo quam dolorem. Animi ab saepe id. Perferendis dolores tenetur sit labore eius aut.",91,2017-05-13 05:05:28,2020-56-11 01:56:59
72,BurnOrTrauma,"Minus ut commodi nihil aut aperiam. Quaerat eveniet at qui quis. Quasi porro unde a nihil est vel dolores. Aut quas ipsam quo voluptas velit ea officiis. Perferendis ex ea consequatur est. Eius blanditiis id et alias odit. Deleniti sed qui laudantium deleniti. Quod nobis in accusamus voluptas magni. Recusandae qui in similique omnis suscipit quisquam velit. Laborum voluptate ipsa expedita enim voluptate repellat voluptas. Autem aspernatur blanditiis.",125,2015-41-05 22:41:38,2020-56-11 01:56:59
73,PainManagement,"Sit sint ipsam. Quod nihil et et. Cupiditate ea saepe quas. Dolores numquam qui qui aut sunt. Minima dolores nihil quo illo error eum minus. Repudiandae consequatur corporis ipsam sit totam corporis. Praesentium recusandae labore fuga animi officiis ratione. Voluptate voluptas ipsa. Sed quo nesciunt voluptatum dolores tempora maiores voluptas. Voluptatibus et repudiandae perspiciatis iusto dolores nesciunt. Officia natus accusamus eveniet aspernatur.",11,2020-58-16 00:58:26,2020-56-11 01:56:59
74,PediatricSurgery,"Itaque sit ut. Aut ut explicabo fugiat placeat dolorem. Iste sunt qui ut autem. Soluta quis non quisquam qui maxime sint cumque. Consequatur aut qui natus. Perferendis itaque sit laboriosam minima et. Maxime voluptas facere quia eos et deleniti. Impedit qui dolorem velit aliquid laborum. Sed ipsum ut reprehenderit minus eum. Quam dolor ut voluptatem et nam id.",79,2019-11-22 10:11:00,2020-56-11 01:56:59
75,OccupationalMedicine,"Placeat iste porro tenetur minus aut qui. Necessitatibus ea ut et sed dignissimos libero. Tempore dolorem inventore aut. Velit quia sit non eligendi expedita fugiat atque. Quam neque provident. Nostrum numquam in quae amet est. Quisquam quia fugiat sit. Dignissimos consequatur iste nihil est. Perspiciatis voluptas dolorem voluptatem minus corrupti nesciunt. Aliquam corporis et sit aut maxime labore eos. Commodi aut corrupti rem. Qui consequatur in.",42,2016-00-06 23:00:30,2020-56-11 01:56:59
