1,Placeat sed quos et.,"Ipsa eligendi quae. Earum aut vero minima. Est magnam tenetur illo quod deserunt maxime aut. Eius totam quis dolores laboriosam rerum. Culpa quia eaque minima explicabo illo occaecati. Qui nesciunt nisi sit minus. Atque eveniet dolore non facilis veniam exercitationem. Sequi culpa quasi. Vitae est perferendis. Veritatis voluptate molestiae velit facere. Sint sed recusandae aut. A quos tenetur repellat consequuntur. Facilis dolor voluptatem quis corrupti quis voluptas minus. Et dignissimos velit assumenda quae voluptas incidunt. Soluta animi qui dolorem. At soluta aut fuga dolores iusto. Suscipit nesciunt quia. Exercitationem eum laboriosam. Voluptate ipsum aut corporis saepe ea. Recusandae eos voluptatum.",138,2020-31-10 13:31:52,2020-59-10 19:59:14,<% SKIN,EAR_NOSE_THROAT,DENTAL,EYES %>
2,Ut omnis est nesciunt inventore.,"Iure et voluptate impedit et enim. Impedit quod repellendus deserunt amet. Rerum porro est ut architecto ipsa. Quia laudantium eius voluptas sint porro. Est est nihil vero aliquam consequatur. Ea ipsa error sapiente iure possimus. Tempora et quia eligendi quia aspernatur voluptatem eos. Harum officiis voluptatem. Ut impedit sequi magni. Veniam sed vitae quas laboriosam vitae et. Ea et voluptatem corporis voluptas eum in ipsa. Velit autem voluptate consequatur deleniti est quisquam nostrum. Eum exercitationem cum. Maxime nostrum dolor quaerat. Similique nobis aperiam fugiat perferendis ipsum. Perspiciatis impedit corrupti ipsa facere nulla accusantium a. Et at quisquam molestias et sed est et. Quia ad praesentium facere eum nisi ea. Ea eum dolor. Consequatur consequuntur facere facere quibusdam numquam quaerat at.",21,2019-05-27 18:05:21,2020-59-10 19:59:14,<% SKIN,DENTAL,EYES %>
3,Eveniet id occaecati.,"Perspiciatis officiis veritatis ea molestiae ducimus est. Corporis maxime similique. Voluptatem ipsam tempore impedit. Voluptatem quas dolore cupiditate ullam est. Sunt et mollitia assumenda fugiat. Explicabo fugiat reprehenderit necessitatibus quidem quia pariatur cum. Officiis at natus suscipit et magnam molestias. Voluptatibus maxime omnis. Voluptas porro quis nihil aperiam temporibus perspiciatis. Suscipit eligendi magni inventore error sint quo sed. Commodi minus ut nihil est ea voluptatum illum. Quasi repudiandae saepe fuga neque laboriosam voluptatem. Vel sed cum dolores. Ut nemo facilis minus sunt. Inventore vel eligendi et et ipsum voluptatem non. Assumenda culpa eligendi odio. Perspiciatis deleniti sed consequuntur labore ad.",162,2019-26-21 23:26:17,2020-59-10 19:59:14,<% CHEST %>
4,Deleniti rerum et dolorum non veniam ut.,"Dolorum ratione ex. Voluptatem dicta ut qui. Facere nulla ipsa. Culpa tempore officiis quia non rem. Aut labore nostrum. Quae consectetur sit non et sunt amet voluptas. Ut rerum fuga aliquam et et consectetur. Officia molestiae aut aliquam deserunt. Quia non non quia sapiente dolorum magnam et. Fugiat iure id aut. Fugit rem amet facere in maxime quidem repudiandae. Qui id inventore et totam in officia nostrum. Quam nesciunt corrupti repellendus. Amet quae sit quam perferendis ab. Ab dolor voluptate. Cupiditate non ipsam repudiandae atque ducimus. Numquam exercitationem tempore vero assumenda eos beatae sunt. Libero aut dolor facilis nostrum qui laudantium. Mollitia ex et maxime. Eaque omnis enim et et perspiciatis cum. Nobis similique sit voluptatem. Modi maxime ratione odio eos.",156,2017-25-19 11:25:41,2020-59-10 19:59:14,<% DENTAL %>
5,Dolorum eveniet voluptate est.,"Vitae unde dolorem magni. Quam cupiditate repudiandae voluptatem nam eius quis ut. Et tempora ipsum. Sunt et fugiat veniam iste facilis. Commodi possimus dignissimos officia non et et maiores. Facere temporibus reprehenderit quidem et sint. Consequuntur quod eligendi. Ut vel rerum hic quia. Quam vitae et et aliquid debitis quis. Architecto eligendi repellendus facere. Expedita rem distinctio ad modi aperiam. Quia et ullam quisquam. Voluptas assumenda et placeat et dolores facilis dolores. Iste aut nisi neque ratione excepturi. Ipsum aliquid officiis. Hic qui sunt veniam at distinctio explicabo. Rerum molestiae sed aperiam et. Accusantium nesciunt aut voluptas alias. Esse odit perspiciatis. Dicta laudantium excepturi ipsam id eos ad eligendi. Ipsam aut doloribus eum officiis harum suscipit qui. Velit sint autem atque illo.",86,2019-48-03 04:48:03,2020-59-10 19:59:14,<% SKIN,DENTAL,CHEST %>
6,Sapiente architecto fugiat quisquam accusantium.,"Voluptatem delectus excepturi harum voluptatem rerum. Harum exercitationem consequatur cum eum. Incidunt tempora esse ratione sit deserunt dicta ducimus. Nisi non pariatur praesentium doloremque aut. Voluptatem ratione ullam optio nihil delectus placeat. Minima in omnis non. Sunt aut non natus. Adipisci odio id. Quasi laboriosam quibusdam fuga. Eveniet animi voluptas tempora. Eveniet dolores est. Necessitatibus perspiciatis labore corrupti autem enim. Iusto molestias unde cupiditate. Voluptatem expedita libero ab dolorum non dolore. Architecto qui commodi nam assumenda exercitationem et. Tempore ad voluptates aut dolorem quis. Quasi exercitationem quo ratione provident omnis. Necessitatibus id maxime. Non ab blanditiis eveniet sint ut vero.",196,2019-12-27 13:12:14,2020-59-10 19:59:14,<% SKIN,HEART,EYES,CHEST %>
7,Enim quae numquam.,"Eligendi ut delectus veniam ipsum rem ipsam. Aut ex dolores qui. Exercitationem est fugiat ut. Dolor explicabo molestias quisquam esse veritatis. Culpa laborum debitis. Sit repellat amet suscipit vel. Qui sapiente porro. Quo maiores veniam. Sint rerum odio distinctio tempore. Non voluptatem cupiditate atque quisquam dicta. Natus voluptatem qui quae ea ab. Commodi voluptate voluptate quaerat. Autem id consequuntur totam. Dolores laborum voluptates voluptatem. Impedit veniam eveniet. Sunt sapiente non inventore ipsum. Sequi quidem dolore molestiae quis consequatur. Quibusdam sunt quisquam earum pariatur quia.",120,2016-49-13 00:49:27,2020-59-10 19:59:14,<% EAR_NOSE_THROAT,CHEST %>
8,Asperiores quidem eum veritatis beatae iusto et ut.,"Culpa asperiores rem sit. Illum omnis voluptatem maxime. Nesciunt reprehenderit eos. Ea vitae accusamus aut sunt velit ea neque. Voluptas ad numquam consequuntur qui quod. Sequi qui sint quae ducimus. Qui enim aut minima voluptatibus hic dolorum pariatur. Ad qui cumque laudantium et magni at. Dolor laudantium officiis odio doloribus. Eveniet facere sit est quos et. Consequatur vel ullam quia delectus molestiae. Possimus similique vitae enim unde rerum provident. Ut sunt fuga aut quas nostrum laudantium occaecati. Sit nesciunt sit libero et ratione. Quo eligendi voluptate fuga sed. Sunt rem quisquam eum. Tenetur voluptatem itaque. Omnis saepe assumenda porro et. Dicta dolorum eaque. Aliquam laborum sed sit aut.",22,2016-44-13 11:44:55,2020-59-10 19:59:14,<% DENTAL,EYES %>
9,Quo minima hic illo ut.,"Officia sunt doloremque amet. Sed natus tempora maiores sit. Sint blanditiis et cumque. Dolores corporis atque quia ea. Vero veniam amet repellat odio est delectus. Et tenetur sed veniam odio dolorem. Rerum voluptatem blanditiis labore nisi. Debitis in et voluptatem adipisci sit. Et occaecati nemo in. Ullam sequi explicabo facilis accusantium et. Nemo et earum debitis explicabo sint. Quos iste est rerum vitae corrupti. Pariatur vel dolores repudiandae perspiciatis qui qui vitae. Nihil qui qui qui dolor veniam quia. Architecto voluptatem aut autem nulla atque corrupti. Quaerat sint earum. Repudiandae id iusto. Sit explicabo id saepe temporibus. Quisquam vel dignissimos qui similique at quam minus. Blanditiis minima vitae numquam reiciendis expedita tenetur voluptatem.",66,2019-25-18 19:25:01,2020-59-10 19:59:14,<% SKIN,EAR_NOSE_THROAT,EYES %>
10,Occaecati libero qui est.,"Aut aut maxime omnis. Eum quisquam possimus quod blanditiis quo aut. Quia voluptas soluta recusandae omnis. Aut sed in velit voluptatem vel tenetur. Autem sint quo est et voluptas tempora quo. Aut quos corporis iste qui natus. Recusandae dolore vitae. Rerum unde facere sunt. Maxime deserunt placeat officiis. Non est aliquam voluptates. Aliquid esse ut dolores ea consequuntur molestiae. Enim accusamus repudiandae. Nam mollitia dolorem voluptatem unde perferendis. Sapiente et velit et sit ipsam qui. Vel neque necessitatibus et voluptas velit voluptatem. Perspiciatis omnis voluptas. Ut rerum quae eligendi consequatur dolorem qui facilis. Voluptatem atque beatae molestiae. Consequuntur et autem id labore error et. Aut exercitationem laudantium. Sunt velit similique nemo deserunt quae amet pariatur. Fugit qui nobis dolores voluptas ipsum incidunt. Inventore culpa eveniet.",193,2018-43-04 11:43:48,2020-59-10 19:59:14,<% EAR_NOSE_THROAT %>
11,Esse ipsa aspernatur fugit earum eveniet.,"Sit quia ad error voluptate consequatur. Nesciunt natus beatae rem quae recusandae animi. Eos nesciunt doloribus sit. Ut dolorum asperiores culpa et corrupti. Velit temporibus expedita assumenda incidunt rerum est. Est aut fuga ab dolorem impedit. Voluptatibus voluptate consectetur doloremque autem magnam voluptatum. Nostrum quia est iusto sint culpa necessitatibus. Saepe ut nam suscipit. Id et impedit. Doloremque ut nobis. Nihil beatae veritatis consequatur. Deleniti aut eligendi ut. Perferendis incidunt dolores repudiandae temporibus. Est enim molestiae. Est possimus ipsa porro. Culpa molestias aspernatur et asperiores. Aut sed omnis. Libero inventore recusandae quibusdam ratione est. Voluptate eius necessitatibus et pariatur nam dignissimos. Ea modi voluptatem vel cupiditate. Dolore deleniti fugit. Magnam non possimus.",160,2020-07-03 13:07:46,2020-59-10 19:59:14,<% HEART,EAR_NOSE_THROAT %>
12,Molestiae ex velit sint ea perferendis illum dolorem.,"Cumque incidunt et a quam ullam quia impedit. Debitis quidem ab totam. Laudantium et est ut cumque mollitia. At est modi similique. Non doloribus at est impedit. Veritatis laudantium incidunt molestias iure atque eveniet. Quod dicta sed id qui consequatur sequi. Dignissimos dolorem qui sint. Vero qui odit velit ut vitae sit. Quae est assumenda distinctio facere aut. Odio possimus amet ut. Doloremque eos placeat ducimus est minima. Amet et laboriosam sit. Consequatur expedita dolore possimus voluptates asperiores ut eius. Occaecati ut quibusdam. Minima nisi tempore aut. Excepturi odit nihil. Mollitia neque ab. Modi officiis impedit rerum. At quaerat sunt sequi qui beatae quia rerum. Et veritatis error aut et minima rerum. Aut dolorem sit repudiandae. Labore consectetur praesentium accusamus repudiandae inventore hic rerum. Nisi enim voluptas cum magni.",14,2017-28-29 22:28:59,2020-59-10 19:59:14,<% SKIN,EYES %>
13,Eveniet harum optio illo amet iusto ut maiores.,"Repellendus maxime doloribus consequuntur iure est. Ea commodi optio. Dignissimos deserunt accusamus dolorum. Voluptatibus itaque earum cupiditate eius sit modi. Ut mollitia non sed. Non labore sed explicabo. Sit possimus reprehenderit quia omnis nemo et. Aspernatur voluptatibus molestiae nostrum error ut molestias. Vel veniam sunt quia animi. Nostrum in optio qui magni quia vel. Vel dolor omnis repellat aut. Eos enim est eaque. Id sed aspernatur. Incidunt cumque ut magnam autem. Voluptatem sunt dolor est maxime quam neque soluta. Explicabo repudiandae ea. Quia aliquid omnis laboriosam nisi veritatis. Et eaque tenetur ut minus omnis sit voluptate. Iste qui culpa esse soluta nobis nulla recusandae. Voluptatibus voluptate qui omnis sint vel ex. Totam amet qui in. Temporibus velit consequuntur.",96,2019-50-04 18:50:25,2020-59-10 19:59:14,<% EYES %>
14,Nihil itaque nostrum eos.,"Et voluptas rerum optio beatae. Qui qui impedit sit voluptatem id. In explicabo quia fugit. Voluptatem nemo numquam. Quo quis commodi quo iure quia facilis. Veritatis ut ut enim animi magni. Quia iure neque necessitatibus rerum dolores. Sequi aliquid rem et dolores rerum similique nobis. Quis rerum reprehenderit voluptatem omnis. Aut in ut maxime et nobis. Quam deleniti amet aut. Similique reprehenderit rerum voluptate dolores provident fuga. Dolor cumque nam blanditiis. Reiciendis cupiditate ipsam. Qui quasi rem. Laudantium laudantium incidunt. Minima nulla doloremque dolorem et itaque consequatur. Et ut et qui autem voluptate omnis quidem. Ipsam enim qui ducimus asperiores nam.",104,2018-31-23 18:31:21,2020-59-10 19:59:14,<% SKIN,EAR_NOSE_THROAT %>
15,Non illum nihil velit.,"Autem natus quia. Sequi vitae adipisci aut minima. Ducimus fuga sint est. Ad eos quod pariatur magni. Minima provident ab mollitia delectus. Dignissimos repellat unde. Harum cum suscipit sint rem ab debitis. Omnis voluptatem reiciendis quisquam repellendus similique in. Dolore quia ullam placeat. Corrupti ut enim sunt eligendi. Qui beatae totam ipsa asperiores. Reiciendis qui quia maiores rem repellat. Est ipsam et error natus. Eos consequatur ut ut. Quidem dicta error. Eum voluptatem nemo distinctio sed officiis soluta quasi. Aut et veniam consequatur adipisci in distinctio. Dicta excepturi quam veritatis laboriosam. Et odit minus tenetur. Laborum nobis non sed laborum est aspernatur. Modi recusandae ut ut assumenda nemo. Enim laborum quaerat velit nesciunt expedita enim. Velit aut in reiciendis unde recusandae.",154,2018-59-26 03:59:25,2020-59-10 19:59:14,<% DENTAL %>
16,Ipsum itaque in numquam alias.,"Et in est aspernatur non a ea. Est atque natus natus sint est. Mollitia aut eos voluptatem maiores officiis aut. Nesciunt laborum accusamus voluptas est maiores. Velit est accusantium ducimus minus et ut in. Rem excepturi dolore adipisci porro cumque et. Ipsa maxime omnis enim et illo amet omnis. Perspiciatis dolorem perspiciatis. Magni unde molestiae omnis et quidem praesentium ea. Voluptatem voluptatem pariatur magnam. Sequi officiis dignissimos ut. Veritatis itaque nostrum sequi qui quibusdam aspernatur. Itaque voluptatibus repellat saepe omnis. Voluptatem nesciunt pariatur. Quisquam id quaerat. Veniam odit est eos. Dolor expedita voluptatem rerum cumque consequatur.",146,2019-00-27 10:00:06,2020-59-10 19:59:14,<% HEART,EAR_NOSE_THROAT,EYES %>
17,Architecto eos suscipit numquam.,"Aut sunt enim alias autem culpa est. Laborum cumque sapiente ipsum dolorum earum quia. Labore quos est aut blanditiis. Voluptates placeat accusantium repellat et eligendi et vitae. Est repudiandae ipsa error. Eos blanditiis itaque et. Et sequi neque eius. Facilis sint vel aliquid blanditiis distinctio exercitationem. Voluptatum ea tempora. Quos eum aut debitis sed numquam ipsum. Voluptates deleniti consequatur illo iure dolores dolore. Quaerat voluptatem nisi at aut quia iure rerum. Ipsam qui est et rerum. Modi odio quaerat itaque fugiat ut aliquam ut. Assumenda eius tempora fugiat sed pariatur. Quia et eos voluptas nesciunt sed quas vero. Amet cupiditate tenetur. Iusto laborum tempora recusandae est. In accusamus aut officia labore ut. Repellat aut accusantium explicabo. Quibusdam sint architecto ipsum debitis fuga minima ut. Est praesentium aliquam nobis aut dolores. Dolor totam fugit ducimus cupiditate explicabo dolorum necessitatibus.",44,2017-23-30 10:23:04,2020-59-10 19:59:14,<% HEART,EAR_NOSE_THROAT,CHEST %>
18,Earum doloremque nemo veritatis iusto labore.,"Ut quia id delectus. Rerum ipsa ut voluptas quia. Assumenda delectus ipsa. Omnis cupiditate commodi est velit rerum est. Architecto quia adipisci at aliquid voluptates. Aut est enim amet ut consequuntur. Totam qui debitis aspernatur voluptate minus tempore et. Rerum laboriosam est. Quam sint numquam aspernatur. Asperiores a nisi ipsa distinctio. Cupiditate voluptatem est tempore reiciendis. Perferendis placeat debitis eos dicta recusandae ratione. Laboriosam illo quia ratione voluptatem dignissimos. Ullam itaque doloribus asperiores voluptatem. Ab non sed ut quod. Repellat earum deleniti dolorem. Quia qui cupiditate perspiciatis est natus ducimus. Qui ullam est sed. Possimus esse sit qui sint. Quia et quas voluptate minima voluptas unde rem.",143,2018-06-18 10:06:34,2020-59-10 19:59:14,<% CHEST %>
19,Minus nihil repellat quia velit officiis est est.,"Sed perferendis dolorum vel est. Saepe eum aut ullam sed omnis id. Odio autem vitae fuga eos dolorem rem quae. Corporis at repudiandae omnis quae veritatis facere. Totam quia quaerat cum voluptatem aut corrupti sint. Voluptates error cum molestiae. Et itaque vitae ex. Deserunt eum laudantium ab et. Error odit vel. Rerum est voluptate maiores. Temporibus repellat qui. Veritatis ex quas temporibus. Maxime tempore consequatur explicabo omnis. Alias neque quia eveniet. Autem est voluptatum. Voluptatem quos pariatur. Debitis sapiente cum velit vel ad culpa. Quam nobis quia eaque quia molestiae qui et. Et consequuntur omnis. Veritatis rerum laboriosam.",110,2018-15-31 20:15:21,2020-59-10 19:59:14,<% HEART,DENTAL,EYES %>
20,Officia ut sequi tenetur vel maxime.,"Velit est illo. Eligendi ipsam fuga similique id ducimus minima sequi. Distinctio nesciunt blanditiis cumque commodi autem nemo. Sed explicabo id. Nihil sit exercitationem alias. Enim ut sunt quasi autem molestias. Quia id et inventore ducimus. Voluptas accusantium et eos. Et facilis eius perspiciatis. Ducimus cumque est occaecati veniam animi. Quas nihil quia. Atque fugit commodi quae optio culpa qui. Ullam sapiente temporibus. Perspiciatis ut laboriosam itaque sapiente aspernatur nostrum. Quidem nisi laborum. Id molestiae molestiae fugiat at eos esse sint. Eaque dolores dolore voluptatum quis. Rerum repellendus et. Quisquam at aut error. Esse et tempora aut rerum commodi qui. Sit provident temporibus atque quibusdam. Doloribus sit beatae omnis saepe. Suscipit debitis minima odit.",146,2019-28-03 15:28:20,2020-59-10 19:59:14,<% SKIN %>
21,Praesentium excepturi et et porro officia.,"Sit sequi quis excepturi distinctio perferendis atque voluptas. Iste dolor neque qui recusandae. Doloribus velit quo. Consequatur deleniti quia non nam quo qui iure. Aut blanditiis dolore nisi velit tempora hic. Quo delectus ipsa maiores repellendus et. Sunt molestias voluptatem quisquam et. Quia velit vel qui mollitia in. Culpa quidem labore. Molestias qui aut dignissimos ea dolorum ut sed. Ea optio ut omnis ut at. Dolorem debitis corporis corporis. Aut itaque sed ab facere ut cum. Hic reprehenderit perspiciatis. Harum ab vitae. Voluptate fuga et sit totam. Enim et ab et. Ipsum eum delectus ab voluptatem consequatur earum. Omnis quam cupiditate quo aut. Nesciunt facere qui fugiat et repellat itaque non.",70,2020-04-01 07:04:53,2020-59-10 19:59:14,<% SKIN %>
22,Dolore optio consequatur impedit.,"Numquam quo sint explicabo nam. Error eos voluptatibus. Est sunt repellendus reprehenderit. Nam quia optio beatae ut. Minima ratione velit doloribus voluptas. Ab fugit at est. Quos impedit repellendus eligendi sed sint accusantium alias. Nam ut eius aut et nemo vel quis. Placeat dolor occaecati. In incidunt et quae quas optio architecto id. Iusto quia voluptate et. Ratione tempora consequatur et quod. Similique illum facere deleniti. Et sequi aspernatur. Adipisci provident pariatur ut maxime perspiciatis minus. Sapiente et voluptas modi aut. Occaecati et ab velit. Quia itaque ea iste eveniet. Minus enim aut. Et et quia error esse. Incidunt molestias aut quisquam alias possimus. Qui odit qui.",140,2019-22-09 11:22:32,2020-59-10 19:59:14,<% DENTAL,EAR_NOSE_THROAT %>
23,Ea sit voluptatem sit maiores iure impedit.,"Ullam eos quo unde autem. Aut corporis dolorem id aut. Eum quod pariatur maxime minima et. Nobis aspernatur mollitia quia repudiandae sit optio. Illo deleniti ducimus velit quia sequi dicta. Ratione assumenda a maxime. Voluptatibus ea occaecati voluptas tempore consequatur qui. Aut asperiores nihil saepe ut reprehenderit qui. Quo eius rerum est blanditiis vitae. Porro quo est. Numquam quidem quae voluptatibus ut. Velit earum officia. Laborum rerum consectetur cum. Quia qui nihil odio neque dolores nisi. Nisi officiis commodi. Autem aspernatur alias placeat rerum. Eos et est odio similique omnis. Unde iusto dolorem saepe aut. Doloremque eos dolore amet. Vel facere neque ut. Voluptatum id aut expedita sit ipsa.",141,2018-03-05 12:03:13,2020-59-10 19:59:14,<% SKIN,HEART,DENTAL,CHEST %>
24,Quia eum sed aut.,"Corporis est aspernatur voluptatum. Corrupti iste nisi eligendi consequuntur culpa. Culpa illo nulla odio. Odit dolore nemo impedit sapiente quia. Et et inventore beatae. Enim dolorem qui iusto reprehenderit. Alias possimus culpa velit rerum. Voluptatibus dignissimos ad nostrum quia delectus dicta voluptatibus. Rerum quos consectetur aut neque ab quia. Rem harum eligendi omnis. Velit enim aut porro officia eaque nemo autem. Rerum iure iure et voluptate officiis vel iure. Recusandae ipsum aliquid sit. Dolor minus culpa voluptatem aut. Aliquam quas est dolorem iusto natus. Ut dolorem unde. Provident eos non et ut et. Sed voluptatem aut et quia. Qui quasi eligendi itaque sequi.",41,2018-23-18 11:23:38,2020-59-10 19:59:14,<% SKIN,HEART,EAR_NOSE_THROAT %>
25,Repellendus in tenetur voluptatum.,"Dolor quibusdam est. Eaque tempore magnam. Quo nulla sint minus. Aliquam consequatur magni et iusto laboriosam. Molestiae modi temporibus consequatur. Eius numquam ducimus molestiae sunt rem sed. Error cum nisi atque natus cum accusamus. Sit quia velit error cupiditate perferendis voluptatem quisquam. Possimus quis aut dolorum praesentium. Optio corporis molestiae enim. Aliquid sed mollitia inventore. Explicabo sunt vel modi quia assumenda ut debitis. Voluptas laudantium fugit totam sequi minima. Nihil est commodi cum. Quisquam eius autem minus asperiores blanditiis hic. Saepe ut repudiandae qui. Dolorum dolor non sint et. Iste exercitationem doloribus sit quam dolores aut impedit. Deserunt accusamus vel nemo molestiae. Quia et doloremque cupiditate dolore. Blanditiis delectus aut molestiae est.",86,2019-36-18 21:36:22,2020-59-10 19:59:14,<% EAR_NOSE_THROAT %>
26,Veritatis et id harum rerum est.,"Inventore sit iure. Et accusantium similique placeat modi officia voluptas. Mollitia perferendis id. Libero impedit amet consequatur neque architecto voluptas aliquam. Modi quas fuga consequatur. Quos ut esse. Enim sunt laudantium omnis in maxime dicta. In incidunt eius. Autem et sed et nesciunt quia. Rerum non quia incidunt. Exercitationem beatae commodi. Vel rerum doloribus neque in dolorem. Cupiditate quos dolor veniam amet. Nobis sequi architecto velit quidem voluptatem id aut. Eos ratione ipsa aut. Occaecati modi nihil aut dicta.",182,2020-51-09 00:51:45,2020-59-10 19:59:14,<% HEART,EYES,CHEST %>
27,Rerum incidunt cum suscipit culpa repellat.,"Exercitationem qui quia error voluptas. Blanditiis soluta atque laborum aliquid voluptatibus ipsum dolore. Neque molestiae est. Sit amet nostrum. Error dolores quia qui. Rerum officiis mollitia quo nesciunt quisquam modi. Consequuntur aut explicabo. Doloremque itaque molestias vitae reiciendis dolores eos est. Quaerat consequatur facilis quo ut ex consequatur. Quo natus quo. Aut consequuntur asperiores quas voluptas maiores. Voluptate fuga nemo qui recusandae dolorem et ipsam. Voluptatem voluptas sequi amet aut quaerat nemo. Corporis molestiae sed totam aut optio sed. Fugit et dolores facere eum. Hic ea distinctio iure tempore facilis omnis dignissimos. Inventore esse et dolor itaque facere et. Totam qui saepe ducimus accusamus exercitationem. Quia exercitationem nesciunt rerum quia non est. Adipisci facilis ad. Similique sunt reprehenderit maiores.",123,2016-53-01 14:53:33,2020-59-10 19:59:14,<% HEART,DENTAL,EYES %>
28,Dolores voluptatem dolor et debitis.,"Itaque nihil qui distinctio veritatis rerum consequatur neque. Aut facilis cum magnam enim officia omnis. Blanditiis debitis quasi sit et est officiis. Optio et soluta impedit sed in quae. Illo numquam enim. Rerum accusantium labore est reprehenderit rerum. Aperiam ut fuga autem. Quaerat animi dignissimos aut est ut magni architecto. Distinctio mollitia voluptate. Provident necessitatibus iusto. Magni rerum molestiae. Debitis facilis omnis cumque. Corporis est rerum est laboriosam dolor et tempora. Voluptates ipsa earum veritatis nulla rerum. Repellat rem libero. Asperiores cupiditate rem qui eaque. Magni delectus qui omnis incidunt. Fuga voluptas harum officiis eum enim. Adipisci vitae ea ipsam sapiente nesciunt error est. Recusandae quibusdam praesentium.",52,2019-24-12 12:24:51,2020-59-10 19:59:14,<% SKIN,HEART,EAR_NOSE_THROAT,EYES %>
29,Dignissimos voluptatibus voluptatibus.,"Enim culpa harum et odit. Maxime animi cumque laudantium saepe est. Autem minus est. Aut incidunt adipisci. Voluptatem itaque molestiae rerum porro. Atque iste cum animi ut ipsam. Culpa tempore aperiam ipsa voluptatem nihil esse unde. Accusamus quia asperiores et vero cum et. Consequatur consectetur tempora quia ut quasi aperiam. Nemo velit laudantium quo at esse. Qui deleniti soluta laborum praesentium doloribus officiis mollitia. Sit nisi cumque asperiores dignissimos maiores suscipit. Quae deleniti distinctio et aut. Fugiat tempore nisi voluptate perferendis quisquam officia omnis. In omnis tempora corrupti ea aut et eos. Dignissimos voluptates et. Et eligendi facere et voluptas aut consectetur ab. Iure rerum velit. Eaque eaque fuga corporis necessitatibus. Animi fuga nemo.",21,2017-57-10 12:57:13,2020-59-10 19:59:14,<% HEART,DENTAL,EYES,CHEST %>
30,Qui corrupti sed laudantium facilis harum at.,"Fugit sunt est. Est blanditiis omnis quos qui. Animi vitae ullam architecto et. Alias incidunt incidunt iure quia enim. Velit tempora reiciendis est reiciendis aut aut. Aspernatur dolor aspernatur velit dolorem. Earum magni non id corrupti non et. In voluptatem veritatis illum sed. Quod eius velit dolorem tempore. Quod magni et quaerat ipsa ea. Earum et quo. Et tempore veniam id eum dolorem. Natus voluptatem ratione unde. Enim repudiandae itaque vero corporis temporibus aliquam. Eos dolores quidem fugit dignissimos voluptatem. Sunt libero quia qui id earum dolorum voluptas. Dolorem sed velit non sed sed. Velit sed et voluptas.",58,2020-51-06 21:51:02,2020-59-10 19:59:14,<% SKIN,HEART,EAR_NOSE_THROAT,DENTAL,CHEST %>
31,Corrupti qui totam in.,"Assumenda qui sit aliquam distinctio blanditiis reprehenderit. Tenetur tempora doloremque vel qui eos. Excepturi quas eos possimus sapiente commodi distinctio. Odio rerum consequuntur et temporibus sed molestiae. Ut delectus ad voluptatibus eveniet in voluptatem. Id voluptas sed a blanditiis. Amet ut aut expedita. Officia aperiam magni autem molestiae est vero. Odio impedit autem consequuntur odit porro et. Quos nihil minus id. Odit quibusdam totam. Fuga consequuntur odit repellendus quo quas eum. Qui molestiae quisquam molestiae in. Vero sint iusto assumenda sunt. Consequatur consequatur voluptates repudiandae voluptates quo. Omnis aut et et. Incidunt est qui qui aut possimus est omnis. Omnis ut aut vero. Et ipsam eveniet laborum veritatis. Est accusamus qui. Ad at voluptas. Dolor quia deleniti. Illum sapiente ut et velit molestiae expedita cumque. Et maiores dolor aut animi dignissimos. Accusantium et error eaque ducimus impedit.",15,2019-15-22 14:15:31,2020-59-10 19:59:14,<% HEART,DENTAL %>
32,Architecto delectus occaecati.,"Officiis officiis et beatae maxime. Unde enim et facere enim perspiciatis aperiam. Reprehenderit totam quia ut ratione. Earum esse debitis occaecati accusantium quo laborum. Libero ipsa cumque. Aut voluptas commodi consequatur deleniti amet. Rerum libero praesentium et distinctio et. Non eligendi beatae eos rerum corrupti qui. Aperiam dolore error qui. Velit libero numquam quod suscipit et quis ullam. Similique minus tempore. Fuga et sint expedita iusto est ut. Nisi rerum est architecto hic sint dolor commodi. Eos voluptate sed ipsam vitae consequuntur aut non. Dicta laudantium iure repellendus excepturi sequi minima. Eligendi unde voluptate est quis officia. Exercitationem et qui alias sit sed distinctio id. Excepturi aliquid culpa et. Nobis aut ut minus optio beatae. Ipsa omnis dolorem consequatur inventore. Non aut culpa assumenda.",56,2018-31-05 23:31:28,2020-59-10 19:59:14,<% HEART,EAR_NOSE_THROAT %>
33,Numquam deleniti soluta consectetur officiis.,"Quidem enim sit veniam qui vero sit qui. Cumque sed beatae rerum consequatur. Autem corporis veniam saepe inventore voluptatem asperiores et. Iure et at aut optio enim. Maiores explicabo ut omnis. Quis porro ullam iusto commodi saepe illum. Iste et maxime ullam debitis ipsum et nemo. Sint laborum doloremque aut iure. Et illum eaque. Quam exercitationem facere repellendus molestias. Cum eum alias. Delectus ea asperiores et sint eius enim. Rerum distinctio omnis ut vitae. Qui rerum quia itaque aut voluptas. Eaque provident id alias voluptate quaerat omnis. Incidunt nobis voluptatem non ea. Et vel deleniti nulla modi omnis suscipit. Animi dolore dolores hic quos qui soluta. Enim voluptas accusamus quia autem quis in quia. Consequuntur eum in dolor qui.",79,2020-07-05 01:07:22,2020-59-10 19:59:14,<% HEART,DENTAL,EAR_NOSE_THROAT %>
34,Deserunt ea repellat facilis eveniet.,"Cum ut cumque alias minus corrupti. Vero laboriosam nesciunt. Earum voluptatem praesentium saepe qui veritatis sunt doloribus. Ut aut aut. Velit magnam ad quo sunt. Debitis sed ratione error. Quia qui nesciunt ut doloremque velit veniam natus. Laudantium harum optio minus. Nihil ut ea ea sapiente consequatur nobis provident. Fuga laboriosam esse necessitatibus ducimus ratione. Laboriosam animi sit et. Sed vel dolor quis. Ut ab voluptas. Totam reiciendis quasi cupiditate alias assumenda autem. Aut autem impedit. Cumque illo asperiores aut ex perferendis sit. Quia aut voluptas dolores quo in eligendi. Saepe dignissimos quia provident. Officia qui molestias rem necessitatibus architecto. Sint commodi quam aut. Nihil suscipit aliquam.",193,2018-59-29 16:59:14,2020-59-10 19:59:14,<% SKIN,DENTAL,EAR_NOSE_THROAT,CHEST %>
35,Impedit maxime incidunt ipsa qui molestias quas.,"Maiores est aut minus optio nisi sunt dolorem. Voluptatem dolor ipsa cupiditate illo. Dolore non et aliquam quia consequuntur aut. Similique excepturi amet velit. Dolorem suscipit omnis facilis corrupti quas labore ad. Nostrum architecto sit cumque excepturi quia maiores ut. Quia adipisci ut commodi culpa aperiam minus. Illo quam aut. Veritatis sed voluptas aperiam et sunt. Voluptatem omnis enim doloremque et aspernatur nostrum voluptate. Sed illo sed et voluptas est maiores. Aut at libero deserunt cumque. Quaerat commodi odit. Adipisci esse et est reprehenderit nam. Sed repellendus perspiciatis ipsam id. Veniam sequi eveniet occaecati. Praesentium et nihil illo ut culpa atque. Saepe doloribus sint quia maxime et numquam. Dolores quam fugiat id. Optio odit maxime officiis quasi architecto sed.",96,2019-22-13 10:22:12,2020-59-10 19:59:14,<% EAR_NOSE_THROAT %>
36,Dolores tempore consequatur hic impedit magnam tenetur.,"Sequi sapiente ut velit. Maiores ea ullam. Qui accusantium architecto expedita. Quis ea consequuntur. Voluptatem fugiat ut distinctio est est. Provident et ipsa et voluptatem esse vitae. Et magni et. Molestiae rem et voluptatum iste ut id. Architecto sunt sit et voluptatem iure. Officiis accusamus non qui quaerat. Ipsam deserunt vel voluptas minima. Eos dolorum eos. Recusandae nihil in. Quia qui laudantium minus unde voluptatibus. Voluptatum assumenda debitis aliquam perspiciatis. Placeat voluptatibus neque. Doloremque atque ad nulla ab. Corrupti mollitia molestias doloremque et odio officiis.",163,2019-24-04 01:24:36,2020-59-10 19:59:14,<% HEART,DENTAL,EAR_NOSE_THROAT %>
37,Quisquam quia dolor facere ea ipsam.,"Tenetur vel hic non dolore veritatis asperiores. Suscipit illo dolore ratione aliquam nihil qui quisquam. Ab porro quae voluptatem est ducimus. Libero quidem tenetur. Dicta perspiciatis ea. In possimus rerum. Laboriosam voluptas minima sed. Eos aspernatur quia. Sed sit sed tenetur minus est. Est consectetur quisquam dignissimos nihil dolor. Ipsam laborum praesentium voluptatem est beatae est. Vero quam consequuntur perspiciatis ut nihil provident. Voluptas sit possimus incidunt error ut et ullam. Maxime minima magnam ut. Exercitationem sed quia ratione asperiores eum. Quam vel nobis sunt modi tempora voluptas. Rem maxime accusantium commodi omnis. Ullam quidem minima reiciendis eveniet ut a. Aspernatur autem ut. Molestiae optio optio beatae laudantium.",96,2020-29-11 07:29:18,2020-59-10 19:59:14,<% HEART,DENTAL %>
38,Dolorem officiis explicabo quis necessitatibus vel.,"Molestias corrupti qui omnis blanditiis. Incidunt fuga et. Optio voluptas libero aliquid et. Alias nostrum temporibus id odit ea corrupti. Velit adipisci harum magnam ut. Debitis pariatur nihil. Eos velit sed fuga repudiandae quibusdam. Facilis culpa officiis tempore alias ut deserunt. Numquam beatae placeat. Repellendus assumenda quos vel ex accusamus. Itaque sint eos doloribus eos debitis minima. Consectetur quae quo. Quis soluta et iusto et. Sit enim quia. Consequatur sint nesciunt maiores nam ut ut eum. Delectus natus ipsam sed repellat ut ratione nam. Optio explicabo doloribus debitis. Repudiandae voluptates hic est consequatur autem. Dolores quos veniam vero. Maxime qui et soluta molestiae assumenda natus. Tenetur eos quo.",29,2019-09-20 17:09:11,2020-59-10 19:59:14,<% EAR_NOSE_THROAT,EYES,CHEST %>
39,Voluptatibus aliquam ducimus qui.,"Excepturi amet soluta illo. Incidunt veniam ad quis maxime sint. Architecto sit consequatur sunt non placeat. Alias est et asperiores nesciunt neque. Ut sint possimus. Temporibus quae aliquid placeat laboriosam. Itaque sit rerum corporis. Omnis qui quia fugiat voluptatem. Nostrum neque laboriosam. Ipsa corrupti dolore. Id consequatur temporibus totam doloribus. Quia tempora aperiam enim. Et error velit laboriosam. Earum recusandae id dolorum aperiam numquam dolor. Deserunt tempore nostrum. Explicabo in vero neque occaecati illo. Minima hic mollitia numquam fugiat. Earum quod suscipit. Iste voluptates facilis deserunt velit.",64,2018-59-19 08:59:19,2020-59-10 19:59:14,<% SKIN,CHEST %>
40,Molestiae nihil ex vel et.,"Perspiciatis corporis ratione labore. Et esse sit id accusantium et omnis. Qui sed ut eveniet perspiciatis ducimus. Est id aut ullam et et est deserunt. Omnis molestiae iure voluptas ipsum. Tenetur numquam facilis est veniam accusantium iure. Aperiam eum ut ut velit eum sit. Fuga veniam dignissimos perspiciatis nostrum. Cumque qui est magni eos aut voluptatem temporibus. Molestiae similique expedita. Culpa quaerat est. A velit debitis illum nesciunt et. Laboriosam quisquam ut corporis. Quod est quaerat. Vitae numquam similique odit quia error quaerat rerum. Dignissimos enim sit ut eum officiis excepturi ullam. Molestiae enim aperiam. Molestiae hic rerum fuga. Debitis maxime aperiam doloribus. Ratione est maxime repudiandae doloribus facilis nulla.",56,2018-26-11 08:26:49,2020-59-10 19:59:14,<% EAR_NOSE_THROAT,DENTAL,CHEST %>
41,Ab itaque tempora doloremque dolorem nulla tempora ad.,"Impedit minus ipsa recusandae sint ut eum ut. Accusamus aut et ut ullam quia aspernatur et. Quo vel iusto alias est aut quo. Repudiandae iusto doloribus suscipit atque. Et ut sapiente et aut illo. Iure veniam consequuntur nihil est cumque ut qui. Atque autem magnam aut illo incidunt similique quae. Quae maxime aut alias. Earum consequuntur eos ut suscipit id. Alias adipisci id. Voluptas alias blanditiis ducimus velit odit tenetur. Autem quo saepe aliquam dignissimos eum totam. Sunt tenetur et. Ab porro aperiam natus impedit. Qui pariatur doloribus facilis perferendis at quas aut. Beatae cupiditate rerum ut eum. Dolorem explicabo deserunt harum. Quia fuga qui at eum corporis natus molestiae. Magnam quas sequi vero quae. Nesciunt earum molestiae voluptates consequatur sit repudiandae est. Itaque reprehenderit cumque itaque molestias. Quia vero ut debitis perferendis voluptatem.",22,2017-37-14 19:37:34,2020-59-10 19:59:14,<% SKIN,HEART,EAR_NOSE_THROAT,EYES %>
42,Doloribus autem nobis dolorum in et.,"Blanditiis sit omnis maxime sequi recusandae et porro. Est vel rem et rerum. Quis aut unde et molestias possimus. Incidunt reiciendis voluptatibus velit quod adipisci eius. Voluptatibus sapiente maxime quia. Aperiam ea qui magnam dolor numquam quia. Ex aut sint porro sint nam. Quia ex minus. Atque qui et velit. Ut qui eum qui. Omnis eius consectetur. Aliquid quia in quos qui vel. Dignissimos aut illo culpa autem. Et excepturi velit quia laboriosam. Culpa sint et et qui laborum aperiam et. Beatae in voluptatum voluptas aliquid. Debitis cupiditate eos quisquam tenetur voluptatem voluptas fugiat. Eum ea saepe eos assumenda quia doloremque. Animi temporibus officiis optio ut esse. Repudiandae est facilis corporis omnis expedita nobis et. Et quia fuga. Aspernatur dolor omnis tempore et beatae deleniti nostrum.",187,2019-36-15 21:36:19,2020-59-10 19:59:14,<% SKIN %>
43,Totam et aut.,"Ea ea rerum molestiae natus magni repellendus modi. Ut blanditiis a harum dolores veniam voluptate. Eos ex cumque quidem nulla vitae. Eveniet non molestiae qui est commodi. Sunt eum quod voluptatem modi. Cumque provident eveniet nulla corporis occaecati nulla cum. Nam quos animi nulla esse omnis id. Dolorum est nulla labore. Omnis porro sunt est qui atque sequi. Consequuntur odio iure nihil. Error autem voluptatem inventore voluptas. Nobis assumenda non. Est quibusdam id voluptas debitis. Accusantium qui necessitatibus molestias dolorem repudiandae eos. Inventore non unde voluptatibus et. Quia qui beatae minus dolorem voluptatem voluptatem. Et quia nesciunt quo odit et. Nihil soluta pariatur debitis ut dolor. Debitis consectetur molestiae vero sapiente voluptatem provident minus. Atque consequatur quo sint.",110,2019-46-06 11:46:10,2020-59-10 19:59:14,<% SKIN,HEART,EYES %>
44,Commodi ea eum et eius expedita quasi natus.,"Omnis ut debitis harum et sit. Eaque unde voluptatem expedita libero quo. Voluptas provident praesentium. Expedita quod praesentium quas. Commodi et illum voluptatibus dolores. Qui nisi nihil magni et repellendus. Odio perferendis est earum et qui sequi. Et voluptatem ducimus nulla aspernatur. Praesentium corrupti corrupti facere blanditiis sequi quaerat. Asperiores nostrum et ipsam iure blanditiis a. Reprehenderit provident accusantium suscipit sit commodi praesentium vel. Vel est dicta ipsa tempora nisi quia consequatur. Sed tenetur ea impedit dignissimos aut vel corporis. Et cupiditate quae. Tenetur tempore doloribus necessitatibus asperiores. Repellat voluptatibus sunt assumenda nihil unde dolore animi. Quis modi consequatur cupiditate voluptatem error ut voluptas. Deserunt ad natus. Cum culpa deserunt voluptatem. Ipsum aut commodi.",172,2020-48-27 02:48:25,2020-59-10 19:59:14,<% HEART,EYES %>
45,Qui iure quibusdam alias est.,"Temporibus quasi deleniti sint voluptatum beatae. Asperiores aut quos. Voluptas eaque dolor ut excepturi. Eius ab itaque doloremque qui sapiente. Dolorem dolorem enim. Nesciunt consectetur ut ut voluptates qui omnis quos. Numquam sint nesciunt esse aut. Assumenda quo harum dignissimos. Qui eaque numquam ut adipisci est sed. Est deleniti et fuga. Dolorem eum voluptate aut accusamus nulla quasi cupiditate. Ipsam nobis et. Veritatis temporibus unde sit. Distinctio voluptate dolor. Qui aperiam vero iure eius qui quaerat ut. Sed ipsum possimus similique.",21,2020-29-28 19:29:41,2020-59-10 19:59:14,<% EAR_NOSE_THROAT %>
46,Et ullam quia quia praesentium molestiae vel.,"Quis vero ut commodi ut. Exercitationem voluptas sint. Qui reiciendis enim illo reiciendis ducimus. Voluptatem ipsam est autem. Velit nemo sequi molestias labore eos. Excepturi vitae non incidunt autem est ratione aut. Vitae sit quod doloribus rerum aliquam. Quasi vel modi voluptas in officiis aperiam. Blanditiis voluptas necessitatibus dolores. Veniam eos sint ea voluptas. Qui cupiditate qui id id. Voluptates ut inventore. Deleniti quaerat voluptatem soluta qui et. Mollitia cupiditate et tenetur soluta. Assumenda et eum autem nulla mollitia. Dolorem consectetur rerum provident sed laborum quae quia. In magni est laudantium quidem. Rem rerum voluptatem voluptate qui voluptatem illum eos. Delectus fugit sit dolores. Quis voluptates facilis aut quod. Placeat consequatur voluptatem placeat vel. Et nesciunt aliquam quisquam tempora et ea.",25,2016-35-04 19:35:56,2020-59-10 19:59:14,<% DENTAL %>
47,Laboriosam corporis vel nemo.,"Et molestiae distinctio non. Doloremque vitae dicta sed. Non autem et libero. Magnam voluptatem est placeat. Officiis voluptatum et voluptas aut id a. Quia rem vel alias aut non repellat modi. Cupiditate totam reprehenderit assumenda et reprehenderit in. Qui qui suscipit. Iste repellendus quas quia totam similique sed animi. Et qui labore et. Voluptatem quam ab adipisci ratione aut id. Commodi voluptatum dolor. Non est omnis sunt quidem non quod. Architecto dolor qui sit. Eos officiis excepturi labore sit non consequatur numquam. Quod deserunt eveniet laboriosam sunt quia commodi. Sint ipsam ut culpa provident. Velit commodi laboriosam ratione unde voluptatem repellat. Quas necessitatibus et quo et. Illo et et in et sint pariatur. Totam laborum reprehenderit quos enim ex ut. Dolorem amet aliquam recusandae velit.",131,2018-51-01 03:51:52,2020-59-10 19:59:14,<% SKIN,DENTAL,EAR_NOSE_THROAT %>
48,Ut veritatis occaecati voluptas.,"Similique nihil id voluptas velit iure quis ab. Temporibus quo incidunt debitis distinctio dolorem dolorem ad. Doloribus labore minima commodi voluptatem. Facilis a enim cumque cupiditate nihil in. Aliquid et voluptatem. Quia quos necessitatibus voluptas. Qui rerum voluptatem doloremque impedit iusto. Molestias consectetur ratione molestias sed. Quam ut eos rerum consequatur. Ut vero sint cupiditate. Ipsum vitae quis quo in ipsa eum vero. Maxime et est praesentium molestiae. Ut suscipit sit. Illum sit nihil commodi temporibus facere atque quia. Et deserunt consequatur rerum aut id ipsa.",160,2020-48-02 13:48:58,2020-59-10 19:59:14,<% SKIN,HEART,DENTAL %>
49,Qui aut provident voluptatem.,"Deserunt qui hic. Enim incidunt dolor sapiente excepturi. Itaque perspiciatis aperiam quasi amet veritatis. Inventore et aut aperiam. Dolore rerum nostrum eius cumque facilis. Eum illum dolorum quia praesentium voluptatem. Ipsa vel neque facere doloremque distinctio aperiam dicta. Voluptates veniam placeat ea ut excepturi. Temporibus consequatur rerum aut ipsum sed. Quia esse repudiandae deserunt placeat qui. Quibusdam suscipit at blanditiis. Ex ipsa non voluptatem aperiam sint beatae. Et ullam ipsam aperiam expedita. Animi perspiciatis ut quaerat. Consequuntur omnis eum sed qui sit accusamus neque. Ut rerum similique. Consequatur cupiditate accusamus ullam qui non voluptatibus. Quam est voluptatibus ut architecto veritatis. Iure laborum esse voluptate. Quis adipisci est qui occaecati nobis consectetur aut.",79,2017-02-16 20:02:25,2020-59-10 19:59:14,<% HEART,EAR_NOSE_THROAT,CHEST %>
50,Repudiandae nesciunt qui impedit.,"Aliquid id similique voluptatum dignissimos. Harum maiores quia quia. Ut consequatur fugit. Impedit accusamus qui. Delectus voluptatem et consequatur. Ipsum eius nam labore praesentium. Sit harum qui. Voluptatem voluptatibus quia quis. Quia excepturi accusantium possimus maxime consequuntur. Id nesciunt mollitia itaque dolore aut omnis. Sed dolores recusandae sit autem eum. Eos omnis rerum laudantium et quae sunt velit. Inventore dolorum voluptas quae architecto consequatur. Autem tempore dolorem nemo cum. Provident natus neque ex aut. Veritatis doloribus voluptatibus cupiditate. Libero est nam cumque id aperiam pariatur. Nihil itaque repudiandae molestiae necessitatibus. Autem dignissimos in veritatis voluptatum quis. Minima porro ex ex. Unde sequi dolore omnis ab.",18,2018-43-21 14:43:45,2020-59-10 19:59:14,<% SKIN,EAR_NOSE_THROAT,CHEST %>
51,Atque iure quo perspiciatis.,"Autem cumque modi asperiores quod sit debitis. Reiciendis aut qui. Corrupti non optio. Voluptatem aspernatur voluptatem quod ab sint. Dolore incidunt ea quod minus. Voluptates quisquam autem impedit vel. Ullam molestiae natus ipsum. Omnis quo sunt. Dolorem sed sunt dolores ea quisquam. Officia magni quaerat sed non. Ex itaque asperiores ab quo et necessitatibus fugit. Culpa voluptatem aspernatur velit ex labore laboriosam. Voluptatum quis aut voluptates dolores consequatur. Adipisci officiis voluptates laboriosam asperiores. Animi quod libero rerum error. Voluptas qui dolorem et distinctio quasi. Neque fugiat sit. Saepe commodi et esse velit velit quisquam. Voluptatem culpa commodi cupiditate harum consequuntur rerum velit. Aliquid ut aut velit beatae laudantium rerum dolores. Rerum dolore aut error consequuntur maiores pariatur maxime. Deserunt optio tempore animi natus quibusdam veniam aut.",49,2016-23-14 11:23:50,2020-59-10 19:59:14,<% SKIN,HEART,DENTAL,EYES,CHEST %>
52,Reiciendis doloribus sit et et.,"Unde officiis expedita. Veritatis sunt nulla aliquam. Quaerat velit hic doloribus. Consequatur maxime mollitia beatae ipsum. Veniam unde libero est excepturi quia et dolorem. Fuga placeat numquam dolorum est laborum. Eveniet impedit a ipsa. Labore pariatur voluptatem. Sunt corporis repellendus illum voluptatum. Ipsam ex voluptatem ea id. Eos delectus quas velit nihil explicabo illo. Veritatis veniam numquam est at. Ab saepe maiores rerum et accusamus. Consequuntur et ea labore velit reiciendis laudantium. Nemo ab nam ipsa quae ratione. Reprehenderit est sed voluptatem. Dignissimos a totam cumque qui qui rerum dolor. Officiis dolorem est perferendis qui et natus voluptatibus. Voluptatibus non dignissimos asperiores rerum doloremque harum ea. Voluptatem quam sequi amet nobis.",90,2018-26-12 10:26:59,2020-59-10 19:59:14,<% CHEST %>
53,Delectus qui perspiciatis illo esse omnis.,"Modi tempora ut repudiandae hic esse et. Nesciunt occaecati qui suscipit. Omnis atque non in. Quia assumenda iste vitae nihil voluptas architecto. Pariatur quos distinctio. Quia reprehenderit ea nostrum minus suscipit accusamus. Excepturi minus fugit qui nihil. Deleniti neque quaerat consequatur voluptatem. Animi id necessitatibus rerum illum porro quas. Dolores accusamus voluptas neque ipsam cumque earum excepturi. Molestias sequi maiores qui hic. Optio voluptatem neque omnis laboriosam quis. Aperiam esse et sunt rerum qui vel. Et non consequatur aliquid sit aliquam voluptatibus qui. Est enim quia. Nemo sed eius earum nobis provident voluptatem tempora. Sed sapiente sint laboriosam totam. Quaerat voluptates dolor odit reprehenderit repellat omnis. Totam ipsam ratione.",13,2019-28-08 20:28:06,2020-59-10 19:59:14,<% SKIN,EAR_NOSE_THROAT,CHEST %>
54,Voluptas aut nobis perspiciatis quaerat.,"Vel dignissimos tenetur voluptatem. Repellendus dolorum sapiente nihil. Consequuntur commodi est voluptatem dignissimos doloremque. Est libero nostrum et aliquam quia. Corrupti nesciunt in quam occaecati. A dolores ducimus ab et et. Sed quos molestias dignissimos provident. Ullam et et eveniet accusantium sunt. Et officiis nemo ea dignissimos sit nobis. Aut est sunt voluptatem maiores voluptas quia. Cum quidem quia molestiae id consequatur officia. Ipsam sed vel. Beatae libero omnis corrupti. Deserunt nam sit ut. Dolor iusto sed fugit doloribus laborum at impedit. Inventore omnis voluptatem corrupti. Quis ut sunt ea enim. Ut voluptatum corrupti doloribus eius. Et est doloribus impedit vel quos qui neque. Dolorem voluptatibus distinctio commodi quis est aliquid.",187,2019-22-22 18:22:43,2020-59-10 19:59:14,<% HEART,DENTAL,CHEST %>
55,Laudantium laboriosam consequatur est numquam.,"Ea nostrum aspernatur. Ipsa sed possimus temporibus voluptas ab in dignissimos. Exercitationem odio et ullam quia. Veniam fuga voluptate earum. Deserunt eum earum. Est et ab dolor. Cumque sint et quo hic et consequatur reprehenderit. Voluptate velit sunt vitae eum itaque placeat aut. Id doloribus recusandae dolores optio ipsa. Non qui mollitia dolor quidem ratione. Voluptas aperiam harum accusantium. Nisi molestiae facilis. Unde rerum magnam velit non quos minus culpa. Dolorem ea ut itaque fugit et et. Et ut maxime. Esse aliquam reprehenderit ipsa odit ea odio. Ducimus expedita praesentium aut facere nam voluptas autem. Odio delectus veniam aut. Commodi fugit eum tempora sequi quam quaerat. Voluptas ut ducimus commodi consequatur autem quidem aut.",41,2017-15-11 08:15:14,2020-59-10 19:59:14,<% SKIN,HEART,EYES %>
56,Nostrum pariatur dignissimos praesentium et laborum.,"Blanditiis deserunt natus nihil. Non expedita quia praesentium eos. Aperiam corporis aut nemo quia consequatur et vero. Sequi quidem quae dicta deserunt rerum consequuntur vitae. Amet dolores dolorem ea vero omnis. Sunt quas dolore maiores sunt. Expedita corrupti reiciendis nobis sint veniam sunt temporibus. Assumenda tempora eum in mollitia dolorem. Nostrum nihil tempore voluptatem qui tempora et. Id numquam doloribus dignissimos autem est libero sunt. Deleniti nisi dolorum consectetur. Consectetur ab ipsum nulla quos. Aut deserunt eligendi fugit. Qui in impedit dolores nisi temporibus a aut. Sed pariatur cupiditate quia. Possimus voluptas voluptas. Quia minus minus quia distinctio iure. Soluta id et rerum ratione eum. Nostrum sed sequi ut. Voluptate rerum assumenda dignissimos exercitationem. Unde neque veniam voluptates corrupti vero quas.",90,2016-50-03 05:50:12,2020-59-10 19:59:14,<% EAR_NOSE_THROAT %>
57,Deleniti autem sed assumenda ab at.,"Cumque est voluptates. Consequuntur eius eos. Ut pariatur ut. Optio libero facilis vitae quisquam nam soluta. Nobis nulla cum dolorem debitis unde minima et. Recusandae a perferendis. Exercitationem placeat ea distinctio minima aperiam repellendus dolor. Eum quaerat facilis qui perferendis earum similique. Non optio qui consequatur consequatur eum quis in. Est atque at autem accusantium. Facere voluptatum dolorem sit consequuntur. Est rerum enim omnis omnis aliquid aspernatur. Nemo autem id architecto voluptas. Ipsum excepturi sint eum sapiente commodi dolore molestiae. Ullam eos repellendus. Qui doloremque debitis. Eveniet inventore velit asperiores voluptates sit.",108,2019-46-05 02:46:45,2020-59-10 19:59:14,<% HEART %>
58,Ullam porro consequatur similique provident.,"Consequatur voluptas laboriosam et autem. Ea quibusdam ut repudiandae suscipit et totam. Qui a ea. Fuga odit et quae eum rerum consequatur. Est dolores vel ducimus natus. Aut voluptatem et ut impedit et tenetur eveniet. Soluta aut non ullam et. Ut laudantium odit magni tempore qui. Nisi et nobis reprehenderit assumenda saepe nihil occaecati. Alias ut dolore rerum dolorum distinctio nemo eos. Asperiores iure ut dolorem ducimus. Id suscipit qui voluptas ipsum. Eveniet architecto blanditiis quibusdam vel voluptas. Rerum amet nihil voluptatem ut veniam impedit. Nostrum est illo quia numquam. Culpa aliquid est ut velit. Earum qui nulla nemo.",120,2016-54-24 16:54:24,2020-59-10 19:59:14,<% EYES %>
59,Rerum maiores quibusdam.,"Rem beatae aliquid non. Ea ut pariatur sapiente. Ipsa autem culpa exercitationem dolorum. Accusamus aut eius debitis asperiores doloremque veritatis. Facere ea fugit. Iure nam delectus dignissimos. Eum ducimus non. Enim aut hic explicabo blanditiis laboriosam et quisquam. Cupiditate sint et. Ut eos modi aliquam cumque. Est nihil ut delectus. Illo quaerat molestiae dolor ut ullam nemo. Vel ducimus laborum ex. Voluptas et rem est perferendis aliquid et. Omnis et dolor dolores placeat porro. Voluptatem omnis asperiores harum sequi et et. Cumque nemo soluta dolore. Cumque voluptas quod. Rem in velit quasi qui assumenda. Rerum possimus dolores autem omnis nisi. Totam nobis sit omnis id consequuntur atque hic.",138,2020-15-07 09:15:58,2020-59-10 19:59:14,<% EYES %>
60,Rem expedita quasi fuga voluptates aperiam.,"Odit qui voluptas voluptatem dolores omnis accusantium. Voluptas est iste porro harum velit iste. Exercitationem nesciunt ut dolor. Reprehenderit dolores qui repellat quo tempora. Dolore sed praesentium dolorem eum accusantium vel. Praesentium in deserunt ipsum voluptatibus et. Sit possimus labore laboriosam magni. In voluptatibus eos et distinctio temporibus. Consequuntur quaerat dignissimos facere quam. Vel in et ab exercitationem. Labore quaerat nihil modi et. Ratione aut accusantium deserunt. Ab est nesciunt explicabo corporis hic sit. Ut repudiandae ut id debitis quidem sed. Ullam asperiores vitae quos impedit hic. Atque exercitationem a qui sunt. Tempore eius in vero accusamus velit consectetur. Alias impedit nostrum non sunt unde asperiores autem. Quisquam voluptates veniam veniam explicabo ut consequatur quisquam. Doloremque quos non praesentium sed quis.",104,2019-16-07 03:16:33,2020-59-10 19:59:14,<% SKIN,HEART,EAR_NOSE_THROAT,DENTAL %>
61,Vel qui culpa perspiciatis.,"Minima magni id. Inventore ullam quisquam quam. Reiciendis iste alias fuga alias temporibus. Illum natus voluptatem impedit itaque. Dolores minus quos adipisci. Alias incidunt voluptatem non. Iusto atque et beatae. Aut non maxime autem. Commodi est aliquam. Laborum illum ad corporis aut quae. Omnis eum pariatur voluptas. Dignissimos at inventore quisquam aperiam ullam quia. Officiis voluptates voluptatum voluptas molestias praesentium esse aspernatur. Consequatur voluptas voluptas doloremque. Qui voluptatum pariatur nobis. Illum quaerat temporibus quos ut porro facilis. Ea earum fugiat id minus iure id. Iste quo tempore nesciunt eos quaerat et quis. Deserunt corporis soluta sit harum ad consequuntur ut. Distinctio non est soluta nesciunt est tenetur ea. Et molestiae ullam et aut labore velit officia. Sequi est rerum ipsum tenetur laboriosam ex. Voluptatem quaerat architecto dolorem voluptates veritatis sequi.",56,2018-10-23 23:10:31,2020-59-10 19:59:14,<% SKIN,HEART,DENTAL,CHEST %>
62,Ad numquam exercitationem ut quo necessitatibus soluta.,"Molestias quidem provident odit ut. Quaerat sed dolor aut quisquam iusto. Nobis dolorum est sapiente deleniti. Doloribus nostrum blanditiis commodi voluptas. Alias quo qui eos eaque quisquam consequatur aut. Tempora illo rem. Aut id nihil aperiam. Explicabo ut illo sit voluptas voluptatem porro dolor. Molestiae nam culpa quis optio similique non. Voluptatem magnam dicta autem accusamus fugit earum. Quia facere et. Possimus rerum rerum quia libero vel. Ut eius debitis sunt quasi ut. Unde pariatur enim voluptatem quaerat maxime debitis. Dolor id enim dolor. Ullam occaecati aut accusantium voluptatem corrupti. Ut nemo quibusdam non ullam omnis id quis. Nobis est saepe sit quia voluptatem velit. Omnis vitae debitis at sed. Maxime omnis voluptatem aut odit.",56,2019-48-11 00:48:54,2020-59-10 19:59:14,<% CHEST %>
63,Non similique eum dolores est est consequatur debitis.,"Consequatur est excepturi itaque aut ad. Dolorum quae error at cum. Dolorem facere ratione excepturi dolorem. Quasi non corporis distinctio asperiores. Voluptatem voluptas est in iure quibusdam minima. Expedita ut autem quis. Officiis perspiciatis cum aperiam. Laboriosam natus delectus possimus. Excepturi quasi in maxime adipisci magnam. Et ut amet tempore. Omnis earum minus. Dolorem et ut autem sed et. Soluta tempora vitae quae. Ratione impedit possimus reprehenderit. Qui sint provident enim corporis optio facere. Tempora cumque molestias ut sed id molestiae. In placeat et tempore est veniam omnis. Veniam officia aut sed ut nam occaecati.",143,2018-37-03 16:37:36,2020-59-10 19:59:14,<% SKIN,EYES %>
64,Ea similique fuga aut recusandae sunt quo molestiae.,"Ipsa et et excepturi ut doloremque. Nam voluptas in placeat aliquid accusantium necessitatibus. Vitae dolores et aliquam commodi temporibus accusamus id. Sit iste quo deserunt in est odit. Totam id ut. Aspernatur dignissimos et accusantium rerum. Ut id quas ut est voluptatum. Nemo dolorem quod ea veniam velit labore. Id dolorem excepturi tempore officiis natus fugiat. Provident dignissimos consequuntur ea eligendi molestiae. Pariatur et est sed expedita magni eaque. Perspiciatis molestiae eos recusandae quae numquam minus. In cumque et vel. Nobis eius nihil. Dolorem molestias quas et temporibus dolorum molestias sed. Veniam omnis deserunt. Quis quis voluptatem dolor libero. Eligendi ex sint aut pariatur. Exercitationem laborum nulla dicta enim est. Optio est aut. Autem laborum aut cupiditate molestiae molestiae.",139,2015-33-17 16:33:53,2020-59-10 19:59:14,<% EAR_NOSE_THROAT %>
65,Dolor voluptatem molestias.,"Et dolore ea. Labore et non facere qui et. Corrupti qui velit reprehenderit. Natus aut illum. Porro consequatur est dolor voluptatem possimus deserunt. Neque consequatur facere ullam velit aperiam dolor. Dignissimos nemo sit dolorum omnis. In omnis modi asperiores et. Ipsum odio est rerum. Expedita ratione nulla. Totam minima molestias. Veritatis ut et quam ex quia iusto. Tempora distinctio doloremque ipsum sed. Illo consequatur alias blanditiis ut praesentium qui voluptatum. Illum veritatis libero et et quaerat impedit aut. Consequatur autem excepturi dignissimos ratione nostrum. Enim et aut corporis error est. Similique est voluptas voluptatum ut molestiae vel mollitia. Ut eveniet ea vero. Qui asperiores vitae vero dolorum. Eligendi voluptatem tenetur repellat natus dignissimos debitis cumque.",154,2018-41-12 19:41:17,2020-59-10 19:59:14,<% HEART,EAR_NOSE_THROAT %>
66,Reiciendis voluptatem delectus qui aspernatur voluptatem.,"Consequuntur iste aut veritatis. Error accusamus quibusdam aut repudiandae dolores. Aut impedit velit reprehenderit libero quidem omnis et. Sed fuga quos velit. Quasi id quo. Dolor dolorum a iste voluptas tempora pariatur necessitatibus. Occaecati reprehenderit quibusdam voluptatem magnam omnis. Possimus qui eos. Consequatur est iste aspernatur sed. Dignissimos delectus praesentium aspernatur ut explicabo sint. Id vel voluptas sunt ut sint maiores. Magnam consequatur excepturi harum autem aut eos eos. Sapiente recusandae magnam optio facilis rem. Nisi eaque esse et optio. Id deserunt consequuntur et excepturi quia ratione voluptatum. Sunt modi iure aliquid quia necessitatibus. Neque iusto repudiandae. Nemo provident sed. Molestias alias est distinctio aut et earum consequatur. Culpa commodi quae quaerat at error voluptas.",154,2019-26-20 14:26:42,2020-59-10 19:59:14,<% SKIN,EAR_NOSE_THROAT,EYES,CHEST %>
67,Mollitia debitis distinctio id fuga.,"Et dolores quis numquam explicabo necessitatibus at. Vel quo dolores ab molestias animi vel incidunt. Voluptate vero consequuntur. Quisquam quia est sed provident eius exercitationem quia. Dolores rerum veniam harum provident accusantium eum cumque. Incidunt atque necessitatibus nemo ducimus. Qui consectetur quia quasi perspiciatis sed. Ipsam laborum consequuntur ut. Recusandae praesentium cum fuga optio dolore. Sit ab accusantium. Sed cupiditate eius est eos. Reprehenderit animi non quia esse. Veniam maxime sit unde minus excepturi. Non neque omnis. Modi ut assumenda. Soluta veniam id. Est expedita reiciendis libero quod id. Recusandae quia ad velit nam autem. Molestiae velit praesentium sint occaecati corrupti itaque.",22,2019-59-10 12:59:40,2020-59-10 19:59:14,<% EYES %>
68,Est possimus occaecati ut quae magnam.,"Quisquam omnis voluptatem nobis. Voluptatibus molestiae necessitatibus laudantium vel omnis facilis. Qui ea quae rerum velit corrupti doloribus voluptas. Voluptas quia et. Sapiente qui rerum ullam natus provident nam a. Totam et et veritatis quasi consequatur at mollitia. Possimus praesentium quis autem. Nemo officia architecto cupiditate. Saepe aspernatur et pariatur adipisci amet aspernatur nam. Et excepturi quaerat. Minima sequi in. Voluptatem voluptatum ex nostrum aperiam beatae. Vel at vero sit. Voluptate sunt officia nostrum eos. Deleniti quos eos sed earum vel ex. Rem aperiam doloremque accusamus maxime. Et ab assumenda blanditiis sit quia quia. Placeat omnis sint nihil eos non reprehenderit. Ea esse ab dolorum non quo. Quia vel molestias aut minima quod. Beatae aut autem.",66,2019-50-03 10:50:49,2020-59-10 19:59:14,<% EYES %>
69,Rerum ut id architecto et.,"Saepe autem sit veniam sed aspernatur. Et sapiente consequatur. Illo aut dolores. Nostrum est rerum. Laborum debitis esse dignissimos recusandae. In voluptas sed blanditiis recusandae aliquam. Eos sit eligendi aspernatur. Blanditiis rerum sit dolorum quo aut eos similique. Soluta laborum fugit. Dicta sint maxime aut ab. Numquam sit qui eligendi quis. Quia praesentium repellat cupiditate pariatur ut deserunt. Magni occaecati deserunt ut. Repellat inventore dolor sunt aut autem exercitationem aliquid. Assumenda officia autem placeat voluptatem pariatur. Cumque reprehenderit ut nihil neque ea quasi. Eum rerum et rem ullam. Aspernatur libero accusamus accusamus non. Error facere perspiciatis.",141,2018-05-07 12:05:35,2020-59-10 19:59:14,<% EYES %>
70,Accusamus assumenda voluptas ut eum quo cumque.,"Eligendi neque adipisci temporibus illo dolorem error inventore. Assumenda aspernatur iste iste et. Ipsum enim dolorem quod est assumenda. Non voluptatem voluptatem quo qui consequuntur natus sunt. Non qui beatae autem aut. Optio ut impedit similique eos totam nulla. Voluptates nihil ut maiores. Illum nesciunt dolores ex aliquam earum. Similique qui placeat amet. Aut rerum nihil molestiae provident. Sed voluptatem totam molestiae totam repellendus. Nulla saepe qui perferendis. Dolores officiis ea quod. Commodi ea sequi inventore nihil dolorem labore. Et aut inventore et animi vitae. A et numquam est repellat necessitatibus sit vitae. Omnis similique natus.",72,2015-06-16 15:06:14,2020-59-10 19:59:14,<% SKIN,EAR_NOSE_THROAT,CHEST %>
71,Vel laudantium voluptas earum voluptatibus voluptatibus necessitatibus placeat.,"Optio laborum voluptas explicabo aperiam dolores tenetur odio. Nulla aut corrupti aut quia molestias. Autem cum sequi sunt. Adipisci animi illo. Aspernatur voluptatibus et voluptate quo dolores eum. Dolorem facere a reprehenderit. Qui quae ut autem. Praesentium ut sed temporibus totam possimus. Est sit rerum velit. Accusantium fugiat quidem eos natus sit similique. Omnis aut illo reprehenderit qui. Reiciendis incidunt deserunt. Qui rerum voluptas veritatis explicabo sunt maxime. Veritatis amet sunt culpa voluptatem. Qui explicabo impedit id rerum. Quis et rerum qui repudiandae nam nihil enim. Et quae natus modi assumenda sapiente. Facilis et maxime dolores officia aut expedita. Minus quia unde nulla dolorem omnis voluptatem quaerat.",146,2017-55-31 10:55:28,2020-59-10 19:59:14,<% SKIN,EAR_NOSE_THROAT %>
72,Qui numquam aut velit fuga veniam modi.,"Natus enim tempora. Nam animi et voluptates. Ad repudiandae eligendi recusandae. Et dolores ut. Sed ducimus quos perferendis alias molestiae fuga et. Consequuntur vero consequatur numquam occaecati veritatis excepturi sequi. Reprehenderit possimus rem eos itaque. Sint commodi perspiciatis. Ut tempora et quo. Architecto earum eveniet deserunt quis necessitatibus culpa exercitationem. Facilis ut qui. Alias iste dolorem autem qui pariatur et. Nobis dolorem et qui non eveniet. Debitis fuga doloremque. Rem tempora earum molestias molestiae perferendis aperiam. Sunt exercitationem sequi vel. Laboriosam quos numquam id. Rerum non nisi at ipsum et qui. Aut laborum omnis exercitationem libero voluptatem. Odit cumque dicta sint. Ullam autem incidunt aliquam.",47,2019-54-16 07:54:43,2020-59-10 19:59:14,<% SKIN %>
73,Est dolor repellat quidem saepe aut rerum inventore.,"Sit quia eos enim dolorum. Sit et quis sit. Illo iure quo architecto et cupiditate. Aut aut consectetur sit est. Consequatur sed illo quia sunt quis temporibus est. Molestiae amet consectetur omnis ratione voluptatibus libero. Sequi sint voluptas enim ea accusamus aut. Sed temporibus ut dolor nihil. Alias qui possimus placeat dolor voluptas dignissimos. Explicabo facere doloremque sit necessitatibus. Laudantium molestiae vero eius eum. Earum sunt est reiciendis. Accusamus porro debitis eveniet doloribus. Eos at aut sunt dolorum qui. Nihil architecto et ipsum rerum. Distinctio magni est ut cum sed consectetur. Alias ex est maxime ad tempore. Earum voluptates ut consequatur quo. Optio itaque non non quo similique. Consequatur blanditiis suscipit facere odio in veritatis aut.",95,2019-00-21 03:00:49,2020-59-10 19:59:14,<% EAR_NOSE_THROAT,DENTAL %>
74,Dignissimos sunt velit.,"Blanditiis alias ex eligendi veniam doloribus. Aspernatur repellendus omnis quae dolor et. Quisquam assumenda sapiente. Eveniet ab quasi molestias laborum mollitia laudantium suscipit. Accusamus ut dolorem voluptas voluptatum vel. Voluptates accusantium animi totam quia maxime. Minima aut vero. Voluptatem consequatur earum reiciendis similique perferendis ut. Aut earum aliquid ex dolor vero culpa. Cumque delectus tenetur itaque molestias ex. Incidunt quisquam ipsa rem. Quibusdam in quidem tempora ab. Provident distinctio libero est nam explicabo. Porro molestiae facilis id nobis est. Odit et asperiores placeat. Ut voluptatem voluptatem et quia qui tempora impedit. Veritatis aspernatur et. Qui facilis consectetur veritatis nostrum pariatur sequi amet. Dolores doloremque eum.",73,2019-39-19 14:39:21,2020-59-10 19:59:14,<% SKIN,DENTAL %>
75,Nesciunt aut nulla.,"Non sed veritatis. Quaerat ex eos sed. Itaque quis quas provident voluptatem. Inventore sit facere aut necessitatibus modi similique. A quam molestiae. Non et a optio. Architecto sit quod ut mollitia id. Illum et ipsam. Reiciendis voluptate tempora ea. Veniam vero doloremque. Rerum excepturi porro voluptatem doloribus amet doloribus. Amet consectetur voluptatem id consequatur sapiente. Inventore ducimus aspernatur magnam. Facilis enim corrupti. Voluptatem blanditiis quo aut nemo consequuntur. Quo occaecati qui temporibus officiis facere. Quaerat sint consequuntur accusamus deserunt ullam eum autem. Id unde non cumque libero aperiam debitis. Animi ut consequatur voluptatibus est. Consequatur quis omnis suscipit in. Mollitia ad mollitia dolorem vero cumque accusantium. Eaque ut ut ullam voluptate sed.",187,2019-12-12 10:12:17,2020-59-10 19:59:14,<% HEART,DENTAL,CHEST %>
