1,Devon,Auer,Thu Nov 20 11:47:21 CST 2003,Nigeria,connie.oconner@gmail.com,Sat Oct 08 00:23:23 CDT 2016,Thu Aug 17 21:41:29 CDT 2017
2,Edyth,McDermott,Sun Jan 22 17:52:41 CST 1989,Ethiopia,jacinto.gulgowski@yahoo.com,Fri Apr 21 08:10:36 CDT 2017,Mon Apr 30 20:57:49 CDT 2018
3,Hobert,Reinger,Mon Apr 09 14:21:41 CDT 1990,Ethiopia,terica.champlin@gmail.com,Mon Dec 03 13:18:59 CST 2018,Fri May 10 22:03:34 CDT 2019
4,Malissa,Blanda,Sat Aug 25 05:40:01 CDT 1984,USA,roxie.fadel@gmail.com,Sun Aug 27 11:11:25 CDT 2017,Sat Jun 15 08:28:37 CDT 2019
5,Dreama,Rosenbaum,Thu Apr 11 12:23:37 CST 1985,Nepal,lashandra.lynch@yahoo.com,Wed Jun 12 23:35:36 CDT 2019,Thu Apr 02 05:09:19 CDT 2020
6,Adolph,Dach,Wed Feb 28 15:52:39 CST 1990,Nepal,kaitlyn.aufderhar@yahoo.com,Fri Jan 08 15:17:13 CST 2016,Thu Feb 09 20:33:45 CST 2017
7,Van,Schultz,Sat Jul 23 16:28:53 CDT 1977,Nepal,josef.kulas@yahoo.com,Mon Feb 11 20:48:42 CST 2019,Wed May 01 01:12:01 CDT 2019
8,Rashad,Powlowski,Fri Feb 10 08:39:58 CST 1995,Nigeria,eddie.koelpin@gmail.com,Sat Jul 01 05:25:09 CDT 2017,Sat Sep 08 04:23:46 CDT 2018
9,Nada,Goldner,Sun Aug 01 02:13:17 CDT 1982,USA,dewitt.block@yahoo.com,Sun Feb 25 05:43:16 CST 2018,Sat Sep 15 04:44:53 CDT 2018
10,Yetta,Dietrich,Mon Nov 27 23:26:21 CST 2000,Ethiopia,bruna.kuvalis@gmail.com,Thu Mar 12 00:54:28 CDT 2020,Thu Apr 09 01:56:47 CDT 2020
11,Normand,Crona,Thu Nov 26 09:16:09 CST 1992,Nigeria,pei.satterfield@hotmail.com,Mon Mar 09 06:32:51 CDT 2020,Thu Mar 19 04:20:26 CDT 2020
12,Nolan,Becker,Mon Dec 07 16:01:03 CST 1992,Ethiopia,kip.langworth@yahoo.com,Mon Feb 08 10:07:23 CST 2016,Mon Mar 07 20:32:05 CST 2016
13,Elvin,Block,Tue Dec 26 01:48:00 CST 1972,USA,terrance.bednar@gmail.com,Wed May 24 05:24:51 CDT 2017,Sun Oct 20 18:40:32 CDT 2019
14,Hilario,Jast,Fri Dec 31 19:00:56 CST 1993,Nepal,ahmed.towne@hotmail.com,Mon Sep 25 18:31:29 CDT 2017,Sat Nov 24 07:45:59 CST 2018
15,Shu,Marquardt,Wed Nov 03 20:04:07 CST 1993,USA,elenor.okon@hotmail.com,Wed Oct 28 15:13:28 CDT 2015,Tue Jul 24 00:24:42 CDT 2018
16,Neville,Lynch,Mon Sep 14 23:48:32 CDT 1981,USA,rich.upton@gmail.com,Tue Jan 01 14:40:25 CST 2019,Wed Dec 25 08:10:44 CST 2019
17,Jamaal,Pfannerstill,Thu Sep 29 09:58:19 CDT 1977,Ethiopia,gayle.kessler@gmail.com,Sat Aug 06 09:56:15 CDT 2016,Fri Jul 13 19:34:10 CDT 2018
18,Gayle,Monahan,Wed Jun 08 11:41:53 CDT 1994,Nigeria,brain.buckridge@gmail.com,Thu Jul 26 08:07:11 CDT 2018,Sat Apr 13 20:26:37 CDT 2019
19,Kelvin,Fritsch,Sun Jan 26 02:32:08 CST 1986,Ethiopia,carmine.reilly@hotmail.com,Thu Aug 18 03:37:06 CDT 2016,Wed Jan 10 08:06:06 CST 2018
20,Merna,Koss,Tue Nov 21 07:46:52 CST 2000,Ethiopia,allen.lehner@yahoo.com,Sat Aug 27 05:20:53 CDT 2016,Fri Aug 04 17:49:29 CDT 2017
21,Colton,Brakus,Sun Feb 15 10:59:18 CST 2004,USA,boyce.white@hotmail.com,Mon Dec 14 20:56:22 CST 2015,Sun Oct 08 19:52:06 CDT 2017
22,Amiee,Kling,Fri Mar 07 22:13:56 CST 1997,Nepal,jame.lakin@yahoo.com,Mon Nov 11 19:22:12 CST 2019,Wed Jan 01 17:33:15 CST 2020
23,Bernard,Pfeffer,Tue Jun 26 15:04:22 CDT 1979,Nepal,wm.sawayn@hotmail.com,Tue Jul 09 15:21:57 CDT 2019,Sun Aug 11 00:46:46 CDT 2019
24,Ashlea,Cummerata,Tue Jan 04 05:06:47 CST 1972,Ethiopia,angelita.bergnaum@yahoo.com,Mon Apr 30 21:08:46 CDT 2018,Thu Aug 30 23:31:34 CDT 2018
25,Nelson,Stokes,Sat Oct 31 15:38:39 CST 1998,USA,charlie.spinka@yahoo.com,Tue Jul 11 04:26:01 CDT 2017,Fri Oct 20 01:38:03 CDT 2017
26,Georgine,Schmitt,Thu Dec 19 03:36:00 CST 2002,Nepal,damion.damore@yahoo.com,Sat Mar 04 04:05:32 CST 2017,Thu Apr 27 17:15:50 CDT 2017
27,Deeanna,Little,Fri Jun 28 19:10:13 CDT 1974,Nepal,lonny.connelly@yahoo.com,Mon Apr 08 19:03:31 CDT 2019,Mon Jul 15 20:08:55 CDT 2019
28,Blair,Schowalter,Sat Feb 28 16:16:55 CST 1987,Nepal,gene.crooks@gmail.com,Thu Aug 30 07:35:40 CDT 2018,Sun Oct 20 06:07:22 CDT 2019
29,Gale,Waters,Mon Jul 27 14:51:06 CDT 1987,Ethiopia,skye.hilll@hotmail.com,Sun Jun 18 15:28:57 CDT 2017,Wed Jan 24 03:11:26 CST 2018
30,Violet,Gutmann,Thu Aug 01 14:55:01 CDT 1991,Ethiopia,oretha.crooks@yahoo.com,Wed Nov 02 11:03:05 CDT 2016,Fri Mar 22 15:29:17 CDT 2019
31,Rich,Feil,Wed Nov 15 11:31:32 CST 1989,Nigeria,ken.berge@gmail.com,Thu Feb 07 09:10:04 CST 2019,Sun Sep 15 16:52:34 CDT 2019
32,Clement,Hahn,Wed Dec 03 22:02:41 CST 1986,Nepal,shavonda.paucek@hotmail.com,Tue May 09 15:21:40 CDT 2017,Wed Mar 18 13:23:11 CDT 2020
33,Marshall,Mante,Wed May 05 03:55:16 CDT 1993,Ethiopia,lara.morar@yahoo.com,Mon Oct 05 11:46:15 CDT 2015,Thu Feb 16 10:44:07 CST 2017
34,Shirleen,Abshire,Sat Jul 12 04:41:49 CDT 1975,Nepal,ron.howell@yahoo.com,Tue Mar 08 18:12:41 CST 2016,Tue Feb 13 05:44:37 CST 2018
35,Harlan,Ortiz,Fri Oct 08 14:59:52 CDT 1999,Nigeria,nicolas.botsford@hotmail.com,Mon Jul 08 03:42:00 CDT 2019,Tue Aug 06 06:23:20 CDT 2019
36,Kaitlin,Mills,Wed May 29 20:10:24 CDT 1996,USA,tiny.swift@hotmail.com,Wed May 11 08:59:43 CDT 2016,Wed Apr 18 07:04:25 CDT 2018
37,Tammy,Maggio,Mon Aug 18 18:01:22 CDT 1986,Nepal,jasper.grimes@yahoo.com,Thu May 17 20:13:43 CDT 2018,Fri Sep 27 10:56:16 CDT 2019
38,Ozzie,Zemlak,Sat Feb 02 19:08:24 CST 1980,Ethiopia,michal.auer@hotmail.com,Tue Sep 18 11:34:39 CDT 2018,Fri Feb 22 08:04:09 CST 2019
39,Gustavo,Lowe,Sat Jan 08 00:41:00 CST 1972,USA,rodrigo.johns@gmail.com,Sat May 27 21:58:40 CDT 2017,Fri Nov 02 16:51:31 CDT 2018
40,Demetrice,Kuvalis,Mon Dec 15 04:09:56 CST 1997,Ethiopia,albertina.mcdermott@hotmail.com,Wed Jan 11 08:54:08 CST 2017,Sun Nov 11 17:08:03 CST 2018
41,Dale,Brown,Wed Aug 09 10:31:40 CDT 2006,USA,johnnie.windler@gmail.com,Tue Apr 24 09:20:11 CDT 2018,Thu Dec 06 01:03:00 CST 2018
42,Rusty,Hahn,Mon Apr 25 05:06:44 CDT 1983,Nepal,richard.mraz@hotmail.com,Sun Dec 29 10:45:29 CST 2019,Tue Feb 25 12:21:12 CST 2020
43,Harlan,Gerhold,Mon Aug 02 23:37:30 CDT 1982,USA,grover.macgyver@yahoo.com,Wed Oct 16 13:07:51 CDT 2019,Fri Dec 27 09:25:39 CST 2019
44,Natisha,Bogan,Thu Sep 02 07:41:00 CDT 1976,USA,telma.sporer@yahoo.com,Thu Jul 20 21:49:08 CDT 2017,Sat Jul 21 16:11:36 CDT 2018
45,Jeanie,Klocko,Tue Jun 10 17:23:50 CDT 1975,USA,venus.paucek@yahoo.com,Sun Jun 21 05:03:09 CDT 2015,Mon Jan 08 23:24:11 CST 2018
46,Juliane,Rowe,Thu Jun 03 08:27:16 CDT 1971,USA,melony.will@yahoo.com,Thu Aug 13 04:18:07 CDT 2015,Thu Dec 24 19:22:24 CST 2015
47,Tobi,Hilll,Tue Jul 11 02:58:32 CDT 1978,Nigeria,marion.mcglynn@gmail.com,Thu Dec 14 06:17:53 CST 2017,Sat Apr 21 05:34:14 CDT 2018
48,Antione,Hamill,Thu Jul 30 13:37:32 CDT 1987,Ethiopia,ardelle.wintheiser@gmail.com,Fri Jan 29 20:21:48 CST 2016,Mon Oct 22 13:57:33 CDT 2018
49,Doyle,Pagac,Wed Jun 18 19:49:48 CDT 1980,Nepal,kayleigh.weber@yahoo.com,Sun Aug 23 09:12:59 CDT 2015,Mon Aug 05 02:54:32 CDT 2019
50,Jeannette,Dare,Thu Jun 19 04:22:14 CDT 1997,Nigeria,letitia.shanahan@hotmail.com,Sun Sep 10 21:46:48 CDT 2017,Wed Apr 25 21:53:17 CDT 2018
51,Tatiana,Cummerata,Sun Aug 10 19:33:41 CDT 1997,Nigeria,sherman.bogisich@hotmail.com,Sun Apr 02 15:38:59 CDT 2017,Thu Jan 02 17:39:29 CST 2020
52,Criselda,Schumm,Sun Dec 18 12:07:05 CST 1994,Nigeria,edison.wiza@hotmail.com,Sat Feb 22 01:50:16 CST 2020,Fri Apr 10 14:12:16 CDT 2020
53,Clare,Robel,Sat Jun 19 23:19:09 CDT 1976,Nepal,sondra.volkman@hotmail.com,Tue Mar 31 21:04:04 CDT 2020,Thu Apr 02 18:59:41 CDT 2020
54,Vonnie,Beier,Thu Aug 31 10:29:04 CDT 1995,Nepal,francis.zieme@hotmail.com,Wed Feb 06 18:22:19 CST 2019,Thu Jan 30 13:46:51 CST 2020
55,Alfredo,Turner,Thu Aug 05 21:52:58 CDT 1982,USA,era.runolfsson@yahoo.com,Sun Oct 30 20:01:35 CDT 2016,Sun Jul 28 08:21:10 CDT 2019
56,Alexis,Kohler,Fri Apr 24 11:26:34 CDT 1992,Nigeria,jesenia.littel@gmail.com,Wed Aug 28 11:00:11 CDT 2019,Sun Dec 08 15:45:30 CST 2019
57,Duane,Marquardt,Tue Feb 07 16:15:56 CST 1984,Ethiopia,lyle.frami@hotmail.com,Sat Apr 11 14:37:18 CDT 2015,Sun Oct 21 23:47:16 CDT 2018
58,Riley,Kuvalis,Sun May 12 01:25:51 CDT 1991,Ethiopia,kate.miller@yahoo.com,Mon Aug 28 20:17:16 CDT 2017,Tue Nov 28 11:55:07 CST 2017
59,Nereida,Glover,Mon Nov 18 10:35:58 CST 1996,Nigeria,neville.pfannerstill@yahoo.com,Mon Sep 09 01:09:35 CDT 2019,Sat Dec 28 00:22:47 CST 2019
60,Mindy,Ryan,Tue Mar 26 09:07:33 CST 1985,Ethiopia,clifton.swaniawski@gmail.com,Wed Sep 23 23:50:03 CDT 2015,Fri Feb 07 05:47:25 CST 2020
61,Vance,Trantow,Thu Jun 12 23:24:22 CDT 1997,USA,krysten.okeefe@yahoo.com,Thu Aug 08 01:46:00 CDT 2019,Fri Jan 03 06:10:18 CST 2020
62,Everette,Sporer,Mon Apr 16 18:02:40 CDT 2001,Ethiopia,marty.kub@hotmail.com,Mon Dec 11 02:57:27 CST 2017,Mon Mar 30 04:50:57 CDT 2020
63,Terence,Bins,Sun Oct 17 20:08:50 CDT 1976,Nigeria,annie.kuvalis@gmail.com,Tue Apr 03 00:46:49 CDT 2018,Tue Apr 16 22:49:04 CDT 2019
64,Calvin,O'Keefe,Mon Jan 04 07:34:31 CST 1988,Nigeria,emma.dickinson@gmail.com,Mon Apr 25 13:36:16 CDT 2016,Wed Jul 06 15:27:09 CDT 2016
65,Lachelle,Reichert,Sun Aug 03 20:12:53 CDT 2003,USA,xenia.kassulke@gmail.com,Fri Dec 13 16:36:34 CST 2019,Sun Feb 23 07:25:36 CST 2020
66,Dorie,Waelchi,Tue Aug 06 14:07:27 CDT 1996,Nigeria,young.wisoky@yahoo.com,Sat Feb 03 01:48:20 CST 2018,Wed Aug 21 04:02:57 CDT 2019
67,Doretha,Casper,Sun Aug 13 09:32:49 CDT 1978,Nigeria,hal.sauer@yahoo.com,Tue Dec 01 07:39:01 CST 2015,Wed Jan 11 08:20:53 CST 2017
68,Tomas,Goodwin,Sun Jan 19 15:22:58 CST 1975,Nigeria,brenton.simonis@yahoo.com,Fri Jan 12 15:33:45 CST 2018,Thu May 10 02:56:22 CDT 2018
69,Sidney,Lueilwitz,Sun May 31 01:10:30 CDT 1970,USA,freddie.kuhn@hotmail.com,Tue May 14 21:23:07 CDT 2019,Tue Aug 13 10:46:13 CDT 2019
70,Jefferson,Wiza,Mon Feb 23 15:12:27 CST 2004,Nepal,jenise.mcclure@hotmail.com,Sat Aug 12 06:16:50 CDT 2017,Wed May 08 04:02:24 CDT 2019
71,Kirstie,Stiedemann,Wed Dec 27 17:05:49 CST 1972,USA,cortez.mcclure@gmail.com,Sat May 30 12:48:33 CDT 2015,Mon Mar 04 00:44:23 CST 2019
72,Siobhan,Treutel,Tue Oct 27 05:17:20 CST 1992,Nepal,trent.farrell@gmail.com,Sat Aug 22 05:08:03 CDT 2015,Tue Feb 12 11:53:03 CST 2019
73,Lauri,Schneider,Mon Dec 15 07:35:36 CST 1997,Nepal,zena.jacobson@hotmail.com,Wed Dec 25 20:34:45 CST 2019,Thu Jan 09 05:58:00 CST 2020
74,Lesa,Kling,Thu Jun 14 18:49:16 CDT 1979,Ethiopia,marianna.armstrong@gmail.com,Wed Nov 30 02:52:07 CST 2016,Thu Mar 26 22:28:28 CDT 2020
75,Lon,Hegmann,Mon Sep 25 16:41:56 CDT 1989,Ethiopia,joie.corkery@yahoo.com,Fri Jul 26 05:06:27 CDT 2019,Mon Feb 17 16:34:28 CST 2020
76,Walton,Spinka,Tue Nov 24 08:51:18 CST 1998,Ethiopia,lizbeth.hamill@yahoo.com,Sat Oct 24 23:03:35 CDT 2015,Mon Jun 19 10:07:41 CDT 2017
77,Serita,Schinner,Thu Apr 04 23:06:21 CST 1991,Nepal,richard.kris@hotmail.com,Tue Aug 01 18:34:43 CDT 2017,Sun Feb 25 19:33:02 CST 2018
78,Houston,Bernier,Tue Jan 01 07:20:37 CST 1974,USA,deangelo.rolfson@gmail.com,Sun Feb 11 05:54:56 CST 2018,Sun Aug 11 22:38:41 CDT 2019
79,Mara,Becker,Thu Apr 04 10:25:13 CST 1985,Ethiopia,robin.rohan@gmail.com,Sat Jul 02 08:58:25 CDT 2016,Wed Aug 02 22:51:13 CDT 2017
80,Soo,Schmeler,Sat Aug 10 18:03:09 CDT 1974,Nepal,charlie.schneider@yahoo.com,Thu Sep 06 15:59:23 CDT 2018,Wed Sep 19 07:19:31 CDT 2018
81,Royce,Johns,Fri Jul 15 15:37:21 CDT 1994,Nepal,drew.hoppe@gmail.com,Sat May 25 06:40:57 CDT 2019,Tue Oct 08 14:26:21 CDT 2019
82,Terrence,Wiza,Fri Apr 21 14:59:32 CDT 1989,Nepal,grady.miller@hotmail.com,Mon Oct 24 12:35:09 CDT 2016,Tue Oct 22 03:35:03 CDT 2019
83,Harley,Flatley,Thu Feb 26 08:01:23 CST 2004,Nepal,alfonso.reichel@hotmail.com,Tue Mar 12 18:52:05 CDT 2019,Thu Nov 14 18:45:37 CST 2019
84,Eldora,Haley,Thu Oct 28 18:29:56 CDT 1993,USA,rocky.kemmer@hotmail.com,Tue Nov 10 00:29:04 CST 2015,Wed Jan 03 05:18:41 CST 2018
85,Carl,Huels,Tue Feb 09 10:17:19 CST 1982,USA,lesley.hartmann@gmail.com,Sun Jan 27 23:25:32 CST 2019,Sun Apr 05 09:55:34 CDT 2020
86,Yoko,Wehner,Sun Dec 05 18:58:24 CST 1976,USA,carla.morissette@yahoo.com,Sat Mar 21 01:51:32 CDT 2020,Sat Mar 28 04:23:59 CDT 2020
87,Jerrold,Franecki,Mon Jan 12 10:04:39 CST 1981,USA,antwan.rosenbaum@gmail.com,Fri Aug 30 03:42:31 CDT 2019,Sun Mar 29 07:56:50 CDT 2020
88,Charity,Schiller,Tue Oct 23 11:56:23 CDT 1990,Ethiopia,lorna.gulgowski@gmail.com,Wed Oct 17 07:09:00 CDT 2018,Sun Feb 23 08:00:12 CST 2020
89,Bettina,Lowe,Sun Apr 18 04:11:40 CST 1971,Nepal,whitney.collins@yahoo.com,Tue Oct 30 06:35:28 CDT 2018,Thu Mar 12 14:57:37 CDT 2020
90,Lindsay,Muller,Wed Apr 22 19:18:02 CDT 1992,Nepal,crista.mueller@gmail.com,Sun May 06 02:46:10 CDT 2018,Tue Nov 06 16:38:18 CST 2018
91,Duane,Thiel,Mon Nov 27 16:26:31 CST 1995,USA,zofia.bednar@gmail.com,Thu Apr 26 20:50:47 CDT 2018,Fri Sep 27 23:17:57 CDT 2019
92,Cathern,Gorczany,Fri Sep 23 21:00:57 CDT 1977,Ethiopia,houston.hodkiewicz@yahoo.com,Tue Jun 19 15:36:17 CDT 2018,Wed Dec 04 07:05:41 CST 2019
93,Bernie,Sanford,Sun Oct 07 03:33:04 CDT 1979,USA,terina.beier@yahoo.com,Wed Dec 07 18:58:26 CST 2016,Sat Jun 30 06:57:53 CDT 2018
94,Shelia,Jerde,Mon Jul 03 20:11:12 CDT 1989,Ethiopia,augustine.ryan@yahoo.com,Sun Oct 27 12:59:51 CDT 2019,Sun Nov 17 12:17:40 CST 2019
95,Manie,Sanford,Fri May 06 04:47:28 CDT 1977,Nigeria,kiana.robel@hotmail.com,Mon Apr 16 14:50:55 CDT 2018,Fri Nov 01 23:54:53 CDT 2019
96,Leif,Wiegand,Sat Jul 17 13:01:15 CDT 1971,USA,shayna.lang@gmail.com,Tue May 09 09:41:08 CDT 2017,Thu Apr 19 14:41:38 CDT 2018
97,Maurita,Kirlin,Sun Jan 03 10:55:06 CST 1999,USA,melania.heidenreich@yahoo.com,Mon Apr 25 09:59:22 CDT 2016,Sun Oct 20 17:22:23 CDT 2019
98,Cherrie,Hilll,Sat Apr 06 22:49:30 CST 1996,Ethiopia,elmer.bartell@hotmail.com,Sat Jan 18 16:05:16 CST 2020,Sat Mar 07 16:45:25 CST 2020
99,Curtis,Schmeler,Thu Sep 28 08:23:48 CDT 1995,Ethiopia,isaiah.yundt@yahoo.com,Sun Nov 05 03:13:14 CST 2017,Sun Mar 15 16:42:48 CDT 2020
100,Breana,Denesik,Fri Feb 24 12:44:07 CST 1978,Nepal,brad.marks@hotmail.com,Tue May 14 00:01:52 CDT 2019,Tue Mar 03 15:45:45 CST 2020
101,Rayford,Hauck,Sat Nov 08 00:44:12 CST 1980,USA,sheridan.shanahan@yahoo.com,Tue Jul 21 14:42:17 CDT 2015,Sat Aug 03 17:03:27 CDT 2019
102,Chi,O'Conner,Tue Oct 23 13:58:33 CDT 1973,Nigeria,bo.klein@yahoo.com,Sun Nov 27 08:24:39 CST 2016,Thu Nov 02 01:43:27 CDT 2017
103,Olimpia,Gusikowski,Thu Dec 17 10:29:35 CST 1998,Nepal,marnie.macgyver@hotmail.com,Mon Sep 04 17:41:49 CDT 2017,Sat Jul 28 13:28:42 CDT 2018
104,Hubert,Spencer,Thu Jul 18 00:30:19 CDT 1974,Nigeria,cindy.beier@yahoo.com,Fri Apr 28 16:18:57 CDT 2017,Sun Sep 22 19:00:13 CDT 2019
105,Jewel,Crooks,Mon Apr 09 16:27:16 CDT 2007,USA,agatha.armstrong@yahoo.com,Tue Nov 07 01:55:28 CST 2017,Tue Aug 13 09:11:01 CDT 2019
106,Carole,O'Hara,Thu Feb 08 20:57:46 CST 1996,Nigeria,kendall.wilderman@yahoo.com,Wed May 29 13:16:46 CDT 2019,Sun Oct 06 13:45:49 CDT 2019
107,Jordan,Schmitt,Wed Mar 10 18:52:14 CST 1976,Nigeria,johanne.bartell@hotmail.com,Tue Apr 23 12:00:54 CDT 2019,Tue Jan 07 01:28:25 CST 2020
108,Carleen,Sporer,Wed Nov 18 18:32:27 CST 1987,USA,shirlene.lindgren@gmail.com,Fri Aug 28 12:47:10 CDT 2015,Wed Jan 29 02:57:16 CST 2020
109,Marvel,Stehr,Tue Jul 20 21:33:43 CDT 2004,Nepal,vicki.thiel@yahoo.com,Wed Nov 02 14:44:10 CDT 2016,Tue Aug 28 12:08:49 CDT 2018
110,Domonique,Bernier,Fri Jan 19 15:16:47 CST 1990,USA,renea.dicki@gmail.com,Tue Feb 05 18:33:48 CST 2019,Fri Jun 07 11:55:09 CDT 2019
111,Tanner,Johns,Tue Apr 13 02:57:45 CDT 1999,Nepal,yon.hermann@hotmail.com,Fri Aug 14 08:18:42 CDT 2015,Fri Oct 25 22:59:52 CDT 2019
112,Britni,Ziemann,Mon May 10 06:53:51 CDT 1976,Ethiopia,dionna.maggio@gmail.com,Sat Nov 02 14:30:10 CDT 2019,Fri Mar 13 00:53:16 CDT 2020
113,Emory,Mraz,Sun Mar 07 23:57:04 CST 1993,USA,everette.gleason@yahoo.com,Mon Sep 12 10:46:07 CDT 2016,Tue Oct 18 01:59:56 CDT 2016
114,Rubi,Conn,Fri Mar 16 00:42:23 CST 1979,USA,moises.powlowski@hotmail.com,Thu Aug 31 14:52:41 CDT 2017,Mon Apr 09 10:02:49 CDT 2018
115,Dallas,Bashirian,Thu Sep 17 02:46:37 CDT 1987,Nigeria,adella.kuhn@hotmail.com,Sun Mar 03 18:22:20 CST 2019,Fri Feb 28 20:24:54 CST 2020
116,Chin,Ratke,Sun Jun 02 07:12:39 CDT 1996,USA,son.marks@gmail.com,Fri Jun 17 23:12:38 CDT 2016,Sun Oct 01 16:44:52 CDT 2017
117,Deana,Kuphal,Wed Mar 31 03:57:15 CST 1971,Ethiopia,joshua.jones@yahoo.com,Wed Nov 08 12:56:54 CST 2017,Fri Sep 27 21:28:24 CDT 2019
118,Tyree,Jacobi,Sun Dec 18 18:32:24 CST 1983,Ethiopia,clint.bogisich@hotmail.com,Tue Aug 09 16:01:11 CDT 2016,Mon Mar 13 06:46:36 CDT 2017
119,Vera,Stoltenberg,Wed Dec 30 11:02:04 CST 1987,USA,gaston.thiel@gmail.com,Mon Jan 20 09:21:35 CST 2020,Sat Feb 22 05:46:05 CST 2020
120,Morris,West,Thu Apr 01 15:34:53 CST 1993,USA,mina.jast@yahoo.com,Mon Dec 14 00:08:51 CST 2015,Wed Feb 07 16:27:50 CST 2018
121,Mariah,Wintheiser,Sat Oct 22 12:32:23 CDT 1983,Nepal,laverne.rice@hotmail.com,Mon Dec 17 16:31:21 CST 2018,Tue Oct 15 14:10:29 CDT 2019
122,Luke,Gusikowski,Sun Dec 13 21:27:46 CST 1998,USA,ruben.murphy@gmail.com,Sat Feb 03 14:43:25 CST 2018,Tue Jul 31 19:48:05 CDT 2018
123,Florencio,Kshlerin,Mon Sep 20 23:20:01 CDT 1976,USA,dalia.schaden@yahoo.com,Sun May 22 21:28:15 CDT 2016,Sun Mar 17 00:47:34 CDT 2019
124,Natasha,Howe,Sat Nov 01 09:12:30 CST 1980,Nepal,danille.mckenzie@hotmail.com,Sun May 26 13:44:01 CDT 2019,Wed Jun 26 03:07:26 CDT 2019
125,Issac,Hegmann,Sun Feb 05 08:45:41 CST 1984,Nepal,ted.koch@gmail.com,Sat Jul 28 22:15:29 CDT 2018,Sun Sep 23 13:54:59 CDT 2018
126,Sonja,Cronin,Tue Feb 14 10:33:13 CST 1984,Nepal,nicholas.cormier@hotmail.com,Thu Jan 17 14:08:51 CST 2019,Wed Nov 27 22:33:21 CST 2019
127,Tyrell,Dietrich,Tue Jul 11 06:56:24 CDT 1989,Nigeria,meredith.herman@hotmail.com,Wed Apr 10 04:12:11 CDT 2019,Mon Jul 08 09:18:18 CDT 2019
128,Gabriel,Stark,Fri Jul 03 15:55:08 CDT 1981,Nepal,merrill.erdman@gmail.com,Mon Mar 28 00:25:44 CDT 2016,Thu Jun 08 11:33:00 CDT 2017
129,Hermila,Blick,Sat Jul 08 04:49:03 CDT 1972,Nigeria,marybeth.daniel@hotmail.com,Fri May 26 20:12:06 CDT 2017,Fri Dec 29 17:43:42 CST 2017
130,Diana,Kozey,Tue May 09 20:58:27 CDT 1995,USA,hung.boyle@yahoo.com,Wed May 17 16:20:36 CDT 2017,Thu Sep 13 16:42:33 CDT 2018
131,Daryl,Dooley,Tue Oct 15 22:27:08 CDT 1985,USA,tina.hand@gmail.com,Mon Jun 06 13:09:19 CDT 2016,Mon Sep 05 16:45:11 CDT 2016
132,Jerold,Schuster,Sun Jul 11 22:19:05 CDT 1976,Nigeria,corine.graham@yahoo.com,Wed Aug 23 19:30:55 CDT 2017,Tue Apr 23 15:40:02 CDT 2019
133,Audria,Koch,Wed Apr 11 23:44:53 CDT 2001,Ethiopia,bertram.grimes@yahoo.com,Thu Apr 21 21:46:12 CDT 2016,Fri Mar 30 04:36:36 CDT 2018
134,Cherrie,Howe,Fri Apr 20 04:23:29 CST 1973,Nigeria,andrew.hoeger@hotmail.com,Thu Dec 24 12:40:00 CST 2015,Tue Nov 06 09:09:30 CST 2018
135,Cordell,Breitenberg,Thu Sep 29 01:01:45 CDT 1994,USA,curtis.runolfsdottir@hotmail.com,Fri Aug 28 11:49:31 CDT 2015,Mon Mar 12 11:29:31 CDT 2018
136,Lisandra,Mitchell,Tue May 30 11:47:20 CDT 2000,Ethiopia,caridad.halvorson@gmail.com,Sun Dec 13 00:37:55 CST 2015,Sat Nov 25 19:51:03 CST 2017
137,Sean,Lind,Thu Jan 03 12:41:19 CST 2002,USA,babara.sauer@gmail.com,Thu Aug 25 12:20:56 CDT 2016,Sun Sep 29 08:41:37 CDT 2019
138,Keesha,Robel,Fri Aug 06 07:57:44 CDT 1976,Nepal,val.daniel@hotmail.com,Sun Dec 01 03:55:38 CST 2019,Mon Mar 02 18:14:48 CST 2020
139,Vonnie,Donnelly,Mon May 19 21:58:10 CDT 1980,Nepal,katerine.harber@yahoo.com,Mon Mar 07 04:27:31 CST 2016,Mon Apr 09 18:48:45 CDT 2018
140,Porfirio,Tremblay,Tue Jan 04 01:17:30 CST 1977,Ethiopia,santiago.schmitt@yahoo.com,Sat Apr 13 23:23:30 CDT 2019,Sat Feb 15 00:03:40 CST 2020
141,Rigoberto,Green,Fri Mar 01 12:15:47 CDT 1974,USA,olene.dare@yahoo.com,Tue Mar 03 05:40:16 CST 2020,Thu Mar 12 06:41:10 CDT 2020
142,Harland,Bins,Thu May 09 18:13:59 CDT 1991,USA,dusty.ullrich@gmail.com,Fri Jan 24 14:06:21 CST 2020,Fri Mar 27 05:19:25 CDT 2020
143,Karena,Gleason,Mon Sep 28 10:55:11 CDT 1970,USA,pia.rohan@yahoo.com,Tue Jul 07 15:07:25 CDT 2015,Thu Nov 05 17:36:43 CST 2015
144,Nidia,Cronin,Sun Nov 13 10:10:49 CST 2005,Ethiopia,manuel.sipes@gmail.com,Tue Jan 08 15:59:41 CST 2019,Sun Jun 23 20:49:35 CDT 2019
145,Vince,Goldner,Wed Apr 27 14:50:26 CDT 1988,USA,sherlene.oconnell@gmail.com,Tue Aug 22 01:39:26 CDT 2017,Wed Sep 06 11:05:27 CDT 2017
146,Rosena,Kub,Fri Jul 23 05:04:22 CDT 2004,USA,michael.berge@hotmail.com,Mon Feb 24 13:56:52 CST 2020,Wed Apr 01 04:00:45 CDT 2020
147,Ellen,Hegmann,Sun Nov 14 01:46:31 CST 1993,USA,avery.farrell@gmail.com,Tue Apr 28 21:15:35 CDT 2015,Fri May 11 13:08:07 CDT 2018
148,Eldora,Lebsack,Sat Aug 30 07:33:57 CDT 1980,USA,garret.monahan@gmail.com,Tue Aug 13 16:49:29 CDT 2019,Mon Nov 11 12:10:09 CST 2019
149,Towanda,Lowe,Fri Feb 14 03:50:40 CST 1975,USA,judith.bergstrom@hotmail.com,Fri Dec 30 14:59:52 CST 2016,Wed Aug 07 19:30:35 CDT 2019
150,Wes,Rempel,Tue Dec 10 20:30:10 CST 2002,Ethiopia,shanon.moen@yahoo.com,Fri Sep 16 22:41:30 CDT 2016,Tue Mar 07 02:23:46 CST 2017
151,Tashina,Kohler,Fri Aug 27 16:01:07 CDT 1999,USA,carla.leannon@gmail.com,Thu May 17 21:02:17 CDT 2018,Mon Jun 24 04:35:12 CDT 2019
152,Nestor,Nitzsche,Thu Nov 23 18:07:06 CST 1978,USA,lazaro.oreilly@hotmail.com,Tue Mar 19 11:40:54 CDT 2019,Tue Oct 22 03:34:54 CDT 2019
153,Mikel,Hills,Fri Jul 04 04:39:04 CDT 1980,USA,ambrose.luettgen@hotmail.com,Sun Oct 22 21:29:25 CDT 2017,Thu Jan 18 02:34:17 CST 2018
154,Houston,Rogahn,Wed Apr 16 06:13:52 CDT 1997,Nepal,maia.barton@yahoo.com,Sat Aug 31 14:09:40 CDT 2019,Tue Dec 10 22:57:54 CST 2019
155,Cami,Wisoky,Fri Mar 04 21:00:35 CST 1977,USA,karly.herzog@hotmail.com,Sat Mar 23 08:46:27 CDT 2019,Thu Jul 11 07:10:04 CDT 2019
156,Joshua,Heaney,Sun Oct 28 22:14:59 CST 1984,USA,ismael.mills@gmail.com,Sun Sep 22 10:23:32 CDT 2019,Sat Feb 22 07:52:21 CST 2020
157,Conchita,Will,Mon Sep 17 06:03:59 CDT 2001,USA,branden.roberts@yahoo.com,Sat Oct 31 08:25:54 CDT 2015,Mon Oct 08 16:29:41 CDT 2018
158,Denver,Renner,Mon Dec 08 10:39:46 CST 1975,Ethiopia,antione.krajcik@hotmail.com,Thu Nov 08 17:00:00 CST 2018,Fri Aug 30 16:00:19 CDT 2019
159,Maybell,Wunsch,Wed Jul 26 09:27:30 CDT 2006,USA,danial.dare@gmail.com,Wed Feb 01 03:48:34 CST 2017,Mon Jun 24 01:43:06 CDT 2019
160,Rafael,Veum,Tue Dec 02 08:43:32 CST 1997,Nigeria,cleopatra.williamson@hotmail.com,Wed Apr 06 09:21:14 CDT 2016,Fri Dec 14 11:40:41 CST 2018
161,Celina,Hermann,Thu Mar 03 02:41:27 CST 1994,Nigeria,eartha.hermiston@hotmail.com,Mon Mar 07 21:47:07 CST 2016,Sat Apr 09 19:41:02 CDT 2016
162,Malik,O'Conner,Wed Nov 05 01:26:36 CST 1975,Nigeria,leona.upton@yahoo.com,Tue May 28 01:05:37 CDT 2019,Fri Oct 04 16:34:32 CDT 2019
163,Azucena,Dooley,Fri Oct 25 11:11:59 CDT 2002,Nepal,renna.hamill@gmail.com,Sun Feb 16 08:09:02 CST 2020,Sun Feb 16 11:14:17 CST 2020
164,Ronnie,Hartmann,Sun Jan 18 03:24:40 CST 1987,USA,jamar.murazik@yahoo.com,Tue Jul 17 03:26:38 CDT 2018,Sat Mar 02 13:49:07 CST 2019
165,Kenneth,Rosenbaum,Thu Nov 15 21:15:16 CST 1990,Ethiopia,george.graham@yahoo.com,Mon Aug 08 04:29:20 CDT 2016,Tue Sep 03 06:47:39 CDT 2019
166,Lien,Leffler,Sat May 06 21:26:51 CDT 1972,Nepal,idalia.graham@yahoo.com,Tue Feb 12 16:23:08 CST 2019,Fri Apr 03 00:53:55 CDT 2020
167,Faye,Schultz,Fri Jan 25 00:15:34 CST 1991,Nepal,ed.bergnaum@hotmail.com,Fri Jan 05 19:15:49 CST 2018,Sun Jul 29 18:13:35 CDT 2018
168,Moriah,Bogan,Fri Mar 25 17:24:22 CST 1983,USA,olin.konopelski@yahoo.com,Thu Jun 23 11:57:02 CDT 2016,Mon Jan 23 06:08:41 CST 2017
169,Inocencia,Borer,Wed Sep 23 08:51:45 CDT 1970,Nigeria,mary.steuber@gmail.com,Mon Sep 19 05:18:17 CDT 2016,Sat Aug 12 01:47:33 CDT 2017
170,Raven,Considine,Tue Feb 15 03:28:06 CST 2005,Ethiopia,phil.walker@yahoo.com,Wed Dec 14 21:52:14 CST 2016,Sun Apr 30 21:34:48 CDT 2017
171,Abe,Zemlak,Thu Jun 07 17:37:34 CDT 1973,Nepal,micheal.kassulke@gmail.com,Thu Apr 18 08:16:19 CDT 2019,Wed Oct 09 19:47:58 CDT 2019
172,Bibi,Bernier,Fri May 16 12:56:34 CDT 1975,Nepal,joan.thiel@hotmail.com,Wed Sep 30 23:42:01 CDT 2015,Sun Feb 04 15:56:39 CST 2018
173,Bella,Hauck,Wed Dec 06 10:12:37 CST 1989,Nigeria,barry.kiehn@yahoo.com,Fri Apr 14 04:07:02 CDT 2017,Fri Oct 12 23:47:17 CDT 2018
174,Elisha,Buckridge,Wed May 15 12:39:42 CDT 1974,USA,leroy.durgan@yahoo.com,Mon Jul 25 08:34:00 CDT 2016,Mon May 13 10:26:48 CDT 2019
175,Jarvis,Morar,Sat Aug 05 00:52:56 CDT 1972,Nepal,niesha.bahringer@hotmail.com,Thu Jan 07 03:06:58 CST 2016,Thu Apr 20 14:47:09 CDT 2017
176,Abram,Homenick,Tue Jul 16 18:33:53 CDT 1985,Nepal,denis.heaney@yahoo.com,Fri May 10 13:34:40 CDT 2019,Sun Feb 23 17:04:22 CST 2020
177,Lamonica,Rosenbaum,Tue Apr 01 17:22:12 CST 2003,Nepal,laurel.mertz@gmail.com,Fri Dec 29 14:25:07 CST 2017,Sun Nov 18 18:51:56 CST 2018
178,Sean,Weber,Wed Nov 17 12:30:00 CST 1999,Ethiopia,ima.morar@hotmail.com,Tue Nov 05 02:53:17 CST 2019,Fri Mar 06 01:46:27 CST 2020
179,Tyree,Quitzon,Thu Jul 23 03:42:04 CDT 1981,USA,tennille.bechtelar@gmail.com,Wed Dec 20 06:56:12 CST 2017,Tue Dec 24 08:49:20 CST 2019
180,Hipolito,Hilll,Thu Jun 01 07:19:48 CDT 1978,USA,keena.smith@hotmail.com,Sat May 26 10:38:45 CDT 2018,Wed Jan 15 22:54:42 CST 2020
181,Son,Torphy,Tue Mar 12 02:50:53 CST 1985,USA,branden.bartell@gmail.com,Wed Aug 26 12:54:56 CDT 2015,Wed Mar 25 14:13:42 CDT 2020
182,Hank,Schmeler,Sat Jan 02 07:43:37 CST 1999,Ethiopia,carey.kuvalis@yahoo.com,Mon Dec 28 01:14:02 CST 2015,Wed Mar 29 14:48:58 CDT 2017
183,Melissia,Toy,Sat Jul 13 16:06:11 CDT 1974,Nigeria,dorine.mayer@hotmail.com,Fri Dec 01 09:10:53 CST 2017,Mon Jan 07 00:05:30 CST 2019
184,Christy,Hintz,Sat Apr 13 17:41:40 CDT 1996,Nepal,aleta.emmerich@hotmail.com,Wed May 16 12:25:06 CDT 2018,Wed Apr 01 11:15:59 CDT 2020
185,Marcelene,Spinka,Fri Jul 26 11:37:55 CDT 1996,Ethiopia,vern.thompson@hotmail.com,Sun Aug 18 12:46:33 CDT 2019,Wed Oct 09 22:27:33 CDT 2019
186,Carmen,Wiegand,Mon May 29 02:19:31 CDT 2006,Ethiopia,doyle.hermiston@gmail.com,Sun Oct 25 17:29:19 CDT 2015,Wed Jul 12 02:54:05 CDT 2017
187,Humberto,Stark,Mon Aug 27 12:39:37 CDT 1979,Nigeria,carma.runolfsdottir@hotmail.com,Sat Feb 04 11:13:29 CST 2017,Mon Aug 12 03:34:37 CDT 2019
188,Hai,Predovic,Wed Oct 02 07:12:29 CDT 1974,Ethiopia,dana.hirthe@gmail.com,Sun Nov 20 17:38:18 CST 2016,Sun Dec 08 20:29:47 CST 2019
189,Brant,Graham,Sun Jul 16 01:52:14 CDT 2006,Nigeria,bernie.nader@yahoo.com,Thu Aug 15 07:05:27 CDT 2019,Fri Jan 31 05:57:47 CST 2020
190,Toney,Collins,Thu Oct 25 01:00:17 CDT 1990,Nepal,freddie.farrell@yahoo.com,Wed May 22 14:52:03 CDT 2019,Sun Aug 25 15:07:28 CDT 2019
191,Sima,Grimes,Tue Feb 01 02:46:35 CST 2000,USA,arlie.beer@gmail.com,Thu Nov 22 13:51:41 CST 2018,Fri Mar 06 12:19:34 CST 2020
192,Javier,McKenzie,Fri Nov 27 06:37:19 CST 1981,Ethiopia,buddy.swaniawski@gmail.com,Wed Mar 04 20:11:16 CST 2020,Wed Mar 11 22:23:01 CDT 2020
193,Demarcus,Ruecker,Sat Apr 15 09:16:42 CST 1978,Ethiopia,lael.toy@hotmail.com,Mon Aug 01 12:34:03 CDT 2016,Sat Feb 02 02:49:26 CST 2019
194,Helaine,Botsford,Sun Jan 04 00:31:42 CST 1976,Nigeria,suzi.swift@hotmail.com,Mon Apr 23 15:00:13 CDT 2018,Thu Jan 30 23:49:04 CST 2020
195,Nathan,Zieme,Tue Nov 12 07:55:23 CST 2002,Nigeria,ira.homenick@gmail.com,Tue Jun 28 00:47:42 CDT 2016,Wed Dec 14 22:20:00 CST 2016
196,Elane,Johns,Sun Sep 21 09:43:34 CDT 1997,Nepal,randal.abshire@gmail.com,Thu Nov 22 18:46:21 CST 2018,Wed Mar 27 14:24:09 CDT 2019
197,Janelle,Braun,Sat Oct 23 02:47:17 CDT 2004,Nigeria,dorene.larson@hotmail.com,Mon Jul 22 22:49:11 CDT 2019,Mon Sep 30 21:02:05 CDT 2019
198,Jeff,Stamm,Mon May 27 09:12:20 CDT 2002,Nigeria,elvin.dickinson@yahoo.com,Wed Oct 17 17:47:12 CDT 2018,Thu Mar 28 09:35:09 CDT 2019
199,Sid,Stracke,Sat Mar 18 17:40:00 CST 1978,Nigeria,jody.stanton@hotmail.com,Wed Oct 18 04:59:05 CDT 2017,Fri Aug 10 22:45:27 CDT 2018
200,Tyrell,Moore,Mon Mar 31 10:59:45 CST 1986,Ethiopia,domingo.crooks@yahoo.com,Tue May 26 23:26:25 CDT 2015,Wed Jun 21 04:25:45 CDT 2017
